brand,eans,file_urls,files,model,model_2,product,product_lang,source,thumb,type,url
Amazfit,,https://amazfit-support.cdn.bcebos.com/uploads/doc/20210406/161769455666.pdf,,Amazfit PowerBuds,,No Category,,amazfit.com,https://amazfit-support.cdn.bcebos.com/uploads/products/5eb3e1e90171d.png,Quickstart Guide,https://support.amazfit.com/de/product/1
Amazfit,,https://amazfit-support.cdn.bcebos.com/uploads/doc/20210203/161232363661.pdf,,Amazfit X,,No Category,,amazfit.com,https://amazfit-support.cdn.bcebos.com/uploads/products/5f3defc1b3fd0.png,Quickstart Guide,https://support.amazfit.com/de/product/a
Amazfit,,https://amazfit-support.cdn.bcebos.com/uploads/doc/20210203/161232269977.pdf,,Amazfit Verge,,No Category,,amazfit.com,https://amazfit-support.cdn.bcebos.com/uploads/products/5d8c86f1560bb.png,Quickstart Guide,https://support.amazfit.com/de/product/verge
Amazfit,,https://amazfit-support.cdn.bcebos.com/uploads/doc/20210129/161190291594.pdf,,Amazfit Neo,,No Category,,amazfit.com,https://amazfit-support.cdn.bcebos.com/uploads/products/5f62d0d289508.png,Quickstart Guide,https://support.amazfit.com/de/product/neo
Amazfit,,https://amazfit-support.cdn.bcebos.com/uploads/doc/20210204/161241042735.pdf,,Amazfit Neo,,No Category,,amazfit.com,https://amazfit-support.cdn.bcebos.com/uploads/products/5f62d0d289508.png,User Guide,https://support.amazfit.com/de/product/neo
Amazfit,,https://amazfit-support.cdn.bcebos.com/uploads/doc/20210201/161216215393.pdf,,Amazfit Band 5,,No Category,,amazfit.com,https://amazfit-support.cdn.bcebos.com/uploads/products/5f6315103f223.png,Quickstart Guide,https://support.amazfit.com/de/product/band
Amazfit,,https://amazfit-support.cdn.bcebos.com/uploads/doc/20210204/161240893964.pdf,,Amazfit Band 5,,No Category,,amazfit.com,https://amazfit-support.cdn.bcebos.com/uploads/products/5f6315103f223.png,User Guide,https://support.amazfit.com/de/product/band
Amazfit,,https://amazfit-support.cdn.bcebos.com/uploads/doc/20210201/161216377981.pdf,,Amazfit Smart Scale,,No Category,,amazfit.com,https://amazfit-support.cdn.bcebos.com/uploads/products/5fdac635c75d8.png,Quickstart Guide,https://support.amazfit.com/de/product/scale
Amazfit,,https://amazfit-support.cdn.bcebos.com/uploads/doc/20210204/161241048569.pdf,,Amazfit Smart Scale,,No Category,,amazfit.com,https://amazfit-support.cdn.bcebos.com/uploads/products/5fdac635c75d8.png,User Guide,https://support.amazfit.com/de/product/scale
Amazfit,,https://amazfit-support.cdn.bcebos.com/uploads/doc/20210201/161216021830.pdf,,Amazfit Bip U,,No Category,,amazfit.com,https://amazfit-support.cdn.bcebos.com/uploads/products/5f8806f20e4cf.png,Quickstart Guide,https://support.amazfit.com/de/product/2017
Amazfit,,https://amazfit-support.cdn.bcebos.com/uploads/doc/20210204/161240970349.pdf,,Amazfit Bip U,,No Category,,amazfit.com,https://amazfit-support.cdn.bcebos.com/uploads/products/5f8806f20e4cf.png,User Guide,https://support.amazfit.com/de/product/2017
Amazfit,,https://amazfit-support.cdn.bcebos.com/uploads/doc/20210201/161216076940.pdf,,Amazfit GTR,,No Category,,amazfit.com,https://amazfit-support.cdn.bcebos.com/uploads/products/5d8c87816ea3e.png,Quickstart Guide,https://support.amazfit.com/it/product/gtr
Amazfit,,https://amazfit-support.cdn.bcebos.com/uploads/doc/20210201/161215982792.pdf,,Amazfit GTS 2,,No Category,,amazfit.com,https://amazfit-support.cdn.bcebos.com/uploads/products/5f9783f3eb35f.png,Quickstart Guide,https://support.amazfit.com/de/product/2221
Amazfit,,https://amazfit-support.cdn.bcebos.com/uploads/doc/20210204/16124082965.pdf,,Amazfit GTS 2,,No Category,,amazfit.com,https://amazfit-support.cdn.bcebos.com/uploads/products/5f9783f3eb35f.png,User Guide,https://support.amazfit.com/de/product/2221
Amazfit,,https://amazfit-support.cdn.bcebos.com/uploads/doc/20210201/16121600248.pdf,,Amazfit GTR 2,,No Category,,amazfit.com,https://amazfit-support.cdn.bcebos.com/uploads/products/5f977ec00a9b4.png,Quickstart Guide,https://support.amazfit.com/de/product/2222
Amazfit,,https://amazfit-support.cdn.bcebos.com/uploads/doc/20210204/161240821069.pdf,,Amazfit GTR 2,,No Category,,amazfit.com,https://amazfit-support.cdn.bcebos.com/uploads/products/5f977ec00a9b4.png,User Guide,https://support.amazfit.com/de/product/2222
Amazfit,,https://amazfit-support.cdn.bcebos.com/uploads/doc/20210201/161216076693.pdf,,Amazfit GTR,,No Category,,amazfit.com,https://amazfit-support.cdn.bcebos.com/uploads/products/5d8c87816ea3e.png,Quickstart Guide,https://support.amazfit.com/de/product/gtr
Amazfit,,https://amazfit-support.cdn.bcebos.com/uploads/doc/20210201/161216091629.pdf,,Amazfit GTS,,No Category,,amazfit.com,https://amazfit-support.cdn.bcebos.com/uploads/products/5d8c87908cf84.png,Quickstart Guide,https://support.amazfit.com/it/product/gts
Amazfit,,https://amazfit-support.cdn.bcebos.com/uploads/doc/20210406/161769455130.pdf,,Amazfit PowerBuds,,No Category,,amazfit.com,https://amazfit-support.cdn.bcebos.com/uploads/products/5eb3e1e90171d.png,Quickstart Guide,https://support.amazfit.com/fr/product/1
Amazfit,,https://amazfit-support.cdn.bcebos.com/uploads/doc/20210201/161216093374.pdf,,Amazfit GTS,,No Category,,amazfit.com,https://amazfit-support.cdn.bcebos.com/uploads/products/5d8c87908cf84.png,Quickstart Guide,https://support.amazfit.com/es/product/gts
Amazfit,,https://amazfit-support.cdn.bcebos.com/uploads/doc/20210201/161216078439.pdf,,Amazfit GTR,,No Category,,amazfit.com,https://amazfit-support.cdn.bcebos.com/uploads/products/5d8c87816ea3e.png,Quickstart Guide,https://support.amazfit.com/es/product/gtr
Amazfit,,https://amazfit-support.cdn.bcebos.com/uploads/doc/20210201/161216078146.pdf,,Amazfit GTR,,No Category,,amazfit.com,https://amazfit-support.cdn.bcebos.com/uploads/products/5d8c87816ea3e.png,Quickstart Guide,https://support.amazfit.com/ru/product/gtr
Amazfit,,https://amazfit-support.cdn.bcebos.com/uploads/doc/20210201/161215884753.pdf,,Amazfit Bip U Pro,,No Category,,amazfit.com,https://amazfit-support.cdn.bcebos.com/uploads/products/5fc8447ec0b9d.png,Quickstart Guide,https://support.amazfit.com/ru/product/bipupro
Amazfit,,https://amazfit-support.cdn.bcebos.com/uploads/doc/20210204/161240980199.pdf,,Amazfit Bip U Pro,,No Category,,amazfit.com,https://amazfit-support.cdn.bcebos.com/uploads/products/5fc8447ec0b9d.png,User Guide,https://support.amazfit.com/ru/product/bipupro
Amazfit,,https://amazfit-support.cdn.bcebos.com/uploads/doc/20210201/161216092811.pdf,,Amazfit GTS,,No Category,,amazfit.com,https://amazfit-support.cdn.bcebos.com/uploads/products/5d8c87908cf84.png,Quickstart Guide,https://support.amazfit.com/ru/product/gts
Amazfit,,https://amazfit-support.cdn.bcebos.com/uploads/doc/20210203/161232335617.pdf,,Amazfit Verge Lite,,No Category,,amazfit.com,https://amazfit-support.cdn.bcebos.com/uploads/products/5d8c8774012a7.png,Quickstart Guide,https://support.amazfit.com/tw/product/verge-lite
Amazfit,,https://amazfit-support.cdn.bcebos.com/uploads/doc/20210203/161232352641.pdf,,Amazfit Stratos 3,,No Category,,amazfit.com,https://amazfit-support.cdn.bcebos.com/uploads/products/5dca7f31124b3.png,Quickstart Guide,https://support.amazfit.com/ru/product/stratos-3
Amazfit,,https://amazfit-support.cdn.bcebos.com/uploads/doc/20210201/161216113260.pdf,,Amazfit T-Rex,,No Category,,amazfit.com,https://amazfit-support.cdn.bcebos.com/uploads/products/5e2034a4a0ab7.png,Quickstart Guide,https://support.amazfit.com/ru/product/t-rex
Amazfit,,https://amazfit-support.cdn.bcebos.com/uploads/doc/20210201/161215981175.pdf,,Amazfit GTS 2,,No Category,,amazfit.com,https://amazfit-support.cdn.bcebos.com/uploads/products/5f9783f3eb35f.png,Quickstart Guide,https://support.amazfit.com/tw/product/2221
Amazfit,,https://amazfit-support.cdn.bcebos.com/uploads/doc/20210204/161240827782.pdf,,Amazfit GTS 2,,No Category,,amazfit.com,https://amazfit-support.cdn.bcebos.com/uploads/products/5f9783f3eb35f.png,User Guide,https://support.amazfit.com/tw/product/2221
Amazfit,,https://amazfit-support.cdn.bcebos.com/uploads/doc/20210201/16121607554.pdf,,Amazfit GTR,,No Category,,amazfit.com,https://amazfit-support.cdn.bcebos.com/uploads/products/5d8c87816ea3e.png,Quickstart Guide,https://support.amazfit.com/tw/product/gtr
Amazfit,,https://amazfit-support.cdn.bcebos.com/uploads/doc/20210201/161216090162.pdf,,Amazfit GTS,,No Category,,amazfit.com,https://amazfit-support.cdn.bcebos.com/uploads/products/5d8c87908cf84.png,Quickstart Guide,https://support.amazfit.com/tw/product/gts
Amazfit,,https://amazfit-support.cdn.bcebos.com/uploads/doc/20210201/161216110465.pdf,,Amazfit T-Rex,,No Category,,amazfit.com,https://amazfit-support.cdn.bcebos.com/uploads/products/5e2034a4a0ab7.png,Quickstart Guide,https://support.amazfit.com/tw/product/t-rex
Amazfit,,https://amazfit-support.cdn.bcebos.com/uploads/doc/20210203/161232349764.pdf,,Amazfit Stratos 3,,No Category,,amazfit.com,https://amazfit-support.cdn.bcebos.com/uploads/products/5dca7f31124b3.png,Quickstart Guide,https://support.amazfit.com/tw/product/stratos-3
Amazfit,,https://amazfit-support.cdn.bcebos.com/uploads/doc/20210406/161769454181.pdf,,Amazfit PowerBuds,,No Category,,amazfit.com,https://amazfit-support.cdn.bcebos.com/uploads/products/5eb3e1e90171d.png,Quickstart Guide,https://support.amazfit.com/tw/product/1
Amazfit,,https://amazfit-support.cdn.bcebos.com/uploads/doc/20210203/161232362723.pdf,,Amazfit X,,No Category,,amazfit.com,https://amazfit-support.cdn.bcebos.com/uploads/products/5f3defc1b3fd0.png,Quickstart Guide,https://support.amazfit.com/tw/product/a
Amazfit,,https://amazfit-support.cdn.bcebos.com/uploads/doc/20210203/161232308832.pdf,,Amazfit Bip S,,No Category,,amazfit.com,https://amazfit-support.cdn.bcebos.com/uploads/products/5e69e5dad3c28.png,Quickstart Guide,https://support.amazfit.com/tw/product/12
Amazfit,,https://amazfit-support.cdn.bcebos.com/uploads/doc/20210201/161216214213.pdf,,Amazfit Band 5,,No Category,,amazfit.com,https://amazfit-support.cdn.bcebos.com/uploads/products/5f6315103f223.png,Quickstart Guide,https://support.amazfit.com/tw/product/band
Amazfit,,https://amazfit-support.cdn.bcebos.com/uploads/doc/20210204/161240895820.pdf,,Amazfit Band 5,,No Category,,amazfit.com,https://amazfit-support.cdn.bcebos.com/uploads/products/5f6315103f223.png,User Guide,https://support.amazfit.com/tw/product/band
Amazfit,,https://amazfit-support.cdn.bcebos.com/uploads/doc/20210129/161190290059.pdf,,Amazfit Neo,,No Category,,amazfit.com,https://amazfit-support.cdn.bcebos.com/uploads/products/5f62d0d289508.png,Quickstart Guide,https://support.amazfit.com/tw/product/neo
Amazfit,,https://amazfit-support.cdn.bcebos.com/uploads/doc/20210204/161241044953.pdf,,Amazfit Neo,,No Category,,amazfit.com,https://amazfit-support.cdn.bcebos.com/uploads/products/5f62d0d289508.png,User Guide,https://support.amazfit.com/tw/product/neo
Amazfit,,https://amazfit-support.cdn.bcebos.com/uploads/doc/20210201/161216376317.pdf,,Amazfit Smart Scale,,No Category,,amazfit.com,https://amazfit-support.cdn.bcebos.com/uploads/products/5fdac635c75d8.png,Quickstart Guide,https://support.amazfit.com/tw/product/scale
Amazfit,,https://amazfit-support.cdn.bcebos.com/uploads/doc/20210204/161241050845.pdf,,Amazfit Smart Scale,,No Category,,amazfit.com,https://amazfit-support.cdn.bcebos.com/uploads/products/5fdac635c75d8.png,User Guide,https://support.amazfit.com/tw/product/scale
Amazfit,,https://amazfit-support.cdn.bcebos.com/uploads/doc/20210201/161216020851.pdf,,Amazfit Bip U,,No Category,,amazfit.com,https://amazfit-support.cdn.bcebos.com/uploads/products/5f8806f20e4cf.png,Quickstart Guide,https://support.amazfit.com/tw/product/2017
Amazfit,,https://amazfit-support.cdn.bcebos.com/uploads/doc/20210204/161240918878.pdf,,Amazfit Bip U,,No Category,,amazfit.com,https://amazfit-support.cdn.bcebos.com/uploads/products/5f8806f20e4cf.png,User Guide,https://support.amazfit.com/tw/product/2017
Amazfit,,https://amazfit-support.cdn.bcebos.com/uploads/doc/20210201/161216004472.pdf,,Amazfit GTR 2,,No Category,,amazfit.com,https://amazfit-support.cdn.bcebos.com/uploads/products/5f977ec00a9b4.png,Quickstart Guide,https://support.amazfit.com/tw/product/2222
Amazfit,,https://amazfit-support.cdn.bcebos.com/uploads/doc/20210204/161240819050.pdf,,Amazfit GTR 2,,No Category,,amazfit.com,https://amazfit-support.cdn.bcebos.com/uploads/products/5f977ec00a9b4.png,User Guide,https://support.amazfit.com/tw/product/2222
Amazfit,,https://amazfit-support.cdn.bcebos.com/uploads/doc/20210201/161215938716.pdf,,Amazfit GTS 2e,,No Category,,amazfit.com,https://amazfit-support.cdn.bcebos.com/uploads/products/5ff7cf4ebb359.png,Quickstart Guide,https://support.amazfit.com/tw/product/gts2e
Amazfit,,https://amazfit-support.cdn.bcebos.com/uploads/doc/20210204/161241033449.pdf,,Amazfit GTS 2e,,No Category,,amazfit.com,https://amazfit-support.cdn.bcebos.com/uploads/products/5ff7cf4ebb359.png,User Guide,https://support.amazfit.com/tw/product/gts2e
Amazfit,,https://amazfit-support.cdn.bcebos.com/uploads/doc/20210201/16121588258.pdf,,Amazfit Bip U Pro,,No Category,,amazfit.com,https://amazfit-support.cdn.bcebos.com/uploads/products/5fc8447ec0b9d.png,Quickstart Guide,https://support.amazfit.com/tw/product/bipupro
Amazfit,,https://amazfit-support.cdn.bcebos.com/uploads/doc/20210204/161240981128.pdf,,Amazfit Bip U Pro,,No Category,,amazfit.com,https://amazfit-support.cdn.bcebos.com/uploads/products/5fc8447ec0b9d.png,User Guide,https://support.amazfit.com/tw/product/bipupro
Amazfit,,https://amazfit-support.cdn.bcebos.com/uploads/doc/20210201/161215961547.pdf,,Amazfit GTR 2e,,No Category,,amazfit.com,https://amazfit-support.cdn.bcebos.com/uploads/products/5ff7cd8fc7d99.png,Quickstart Guide,https://support.amazfit.com/tw/product/gtr2
Amazfit,,https://amazfit-support.cdn.bcebos.com/uploads/doc/20210225/161422120021.pdf,,Amazfit GTR 2e,,No Category,,amazfit.com,https://amazfit-support.cdn.bcebos.com/uploads/products/5ff7cd8fc7d99.png,User Guide,https://support.amazfit.com/tw/product/gtr2
Amazfit,,https://amazfit-support.cdn.bcebos.com/uploads/doc/20210129/161190221849.pdf,,Amazfit ZenBuds,,No Category,,amazfit.com,https://amazfit-support.cdn.bcebos.com/uploads/products/5f6314610b9be.png,Quickstart Guide,https://support.amazfit.com/tw/product/zend
Amazfit,,https://amazfit-support.cdn.bcebos.com/uploads/doc/20210722/162694284690.pdf,,Amazfit PowerBuds Pro,,No Category,,amazfit.com,https://amazfit-support.cdn.bcebos.com/uploads/products/60f92cef12f34.png,User Guide,https://support.amazfit.com/tw/product/powerbudspro
Amazfit,,https://amazfit-support.cdn.bcebos.com/uploads/doc/20210722/162694334124.pdf,,Amazfit PowerBuds Pro,,No Category,,amazfit.com,https://amazfit-support.cdn.bcebos.com/uploads/products/60f92cef12f34.png,Quickstart Guide,https://support.amazfit.com/tw/product/powerbudspro
Amazfit,,https://amazfit-support.cdn.bcebos.com/uploads/doc/20210324/161655553770.pdf,,Amazfit T-Rex Pro,,No Category,,amazfit.com,https://amazfit-support.cdn.bcebos.com/uploads/products/605ab391cc09d.png,User Guide,https://support.amazfit.com/tw/product/11
Amazfit,,https://amazfit-support.cdn.bcebos.com/uploads/doc/20210324/161655658126.pdf,,Amazfit T-Rex Pro,,No Category,,amazfit.com,https://amazfit-support.cdn.bcebos.com/uploads/products/605ab391cc09d.png,Quickstart Guide,https://support.amazfit.com/tw/product/11
Amazfit,,https://amazfit-support.cdn.bcebos.com/uploads/doc/20210201/161215859082.pdf,,Amazfit GTS 2 mini,,No Category,,amazfit.com,https://amazfit-support.cdn.bcebos.com/uploads/products/5fdac5133d807.png,Quickstart Guide,https://support.amazfit.com/tw/product/2018
Amazfit,,https://amazfit-support.cdn.bcebos.com/uploads/doc/20210311/161544862153.pdf,,Amazfit GTS 2 mini,,No Category,,amazfit.com,https://amazfit-support.cdn.bcebos.com/uploads/products/5fdac5133d807.png,User Guide,https://support.amazfit.com/tw/product/2018
Amazfit,,https://amazfit-support.cdn.bcebos.com/uploads/doc/20210203/161232311024.pdf,,Amazfit Bip S,,No Category,,amazfit.com,https://amazfit-support.cdn.bcebos.com/uploads/products/5e69e5dad3c28.png,Quickstart Guide,https://support.amazfit.com/ru/product/12
Amazfit,,https://amazfit-support.cdn.bcebos.com/uploads/doc/20210406/161769457245.pdf,,Amazfit PowerBuds,,No Category,,amazfit.com,https://amazfit-support.cdn.bcebos.com/uploads/products/5eb3e1e90171d.png,Quickstart Guide,https://support.amazfit.com/ru/product/1
Amazfit,,https://amazfit-support.cdn.bcebos.com/uploads/doc/20210129/161190293435.pdf,,Amazfit Neo,,No Category,,amazfit.com,https://amazfit-support.cdn.bcebos.com/uploads/products/5f62d0d289508.png,Quickstart Guide,https://support.amazfit.com/ru/product/neo
Amazfit,,https://amazfit-support.cdn.bcebos.com/uploads/doc/20210204/161241044052.pdf,,Amazfit Neo,,No Category,,amazfit.com,https://amazfit-support.cdn.bcebos.com/uploads/products/5f62d0d289508.png,User Guide,https://support.amazfit.com/ru/product/neo
Amazfit,,https://amazfit-support.cdn.bcebos.com/uploads/doc/20210203/161232364524.pdf,,Amazfit X,,No Category,,amazfit.com,https://amazfit-support.cdn.bcebos.com/uploads/products/5f3defc1b3fd0.png,Quickstart Guide,https://support.amazfit.com/ru/product/a
Amazfit,,https://amazfit-support.cdn.bcebos.com/uploads/doc/20210201/161216023160.pdf,,Amazfit Bip U,,No Category,,amazfit.com,https://amazfit-support.cdn.bcebos.com/uploads/products/5f8806f20e4cf.png,Quickstart Guide,https://support.amazfit.com/ru/product/2017
Amazfit,,https://amazfit-support.cdn.bcebos.com/uploads/doc/20210204/161240972875.pdf,,Amazfit Bip U,,No Category,,amazfit.com,https://amazfit-support.cdn.bcebos.com/uploads/products/5f8806f20e4cf.png,User Guide,https://support.amazfit.com/ru/product/2017
Amazfit,,https://amazfit-support.cdn.bcebos.com/uploads/doc/20210201/161216380711.pdf,,Amazfit Smart Scale,,No Category,,amazfit.com,https://amazfit-support.cdn.bcebos.com/uploads/products/5fdac635c75d8.png,Quickstart Guide,https://support.amazfit.com/ru/product/scale
Amazfit,,https://amazfit-support.cdn.bcebos.com/uploads/doc/20210204/161241050077.pdf,,Amazfit Smart Scale,,No Category,,amazfit.com,https://amazfit-support.cdn.bcebos.com/uploads/products/5fdac635c75d8.png,User Guide,https://support.amazfit.com/ru/product/scale
Amazfit,,https://amazfit-support.cdn.bcebos.com/uploads/doc/20210201/161216216829.pdf,,Amazfit Band 5,,No Category,,amazfit.com,https://amazfit-support.cdn.bcebos.com/uploads/products/5f6315103f223.png,Quickstart Guide,https://support.amazfit.com/ru/product/band
Amazfit,,https://amazfit-support.cdn.bcebos.com/uploads/doc/20210204/161240895054.pdf,,Amazfit Band 5,,No Category,,amazfit.com,https://amazfit-support.cdn.bcebos.com/uploads/products/5f6315103f223.png,User Guide,https://support.amazfit.com/ru/product/band
Amazfit,,https://amazfit-support.cdn.bcebos.com/uploads/doc/20210201/161215980389.pdf,,Amazfit GTS 2,,No Category,,amazfit.com,https://amazfit-support.cdn.bcebos.com/uploads/products/5f9783f3eb35f.png,Quickstart Guide,https://support.amazfit.com/ru/product/2221
Amazfit,,https://amazfit-support.cdn.bcebos.com/uploads/doc/20210204/161240831870.pdf,,Amazfit GTS 2,,No Category,,amazfit.com,https://amazfit-support.cdn.bcebos.com/uploads/products/5f9783f3eb35f.png,User Guide,https://support.amazfit.com/ru/product/2221
Amazfit,,https://amazfit-support.cdn.bcebos.com/uploads/doc/20210201/161216003750.pdf,,Amazfit GTR 2,,No Category,,amazfit.com,https://amazfit-support.cdn.bcebos.com/uploads/products/5f977ec00a9b4.png,Quickstart Guide,https://support.amazfit.com/ru/product/2222
Amazfit,,https://amazfit-support.cdn.bcebos.com/uploads/doc/20210204/161240823661.pdf,,Amazfit GTR 2,,No Category,,amazfit.com,https://amazfit-support.cdn.bcebos.com/uploads/products/5f977ec00a9b4.png,User Guide,https://support.amazfit.com/ru/product/2222
Amazfit,,https://amazfit-support.cdn.bcebos.com/uploads/doc/20210129/161190224383.pdf,,Amazfit ZenBuds,,No Category,,amazfit.com,https://amazfit-support.cdn.bcebos.com/uploads/products/5f6314610b9be.png,Quickstart Guide,https://support.amazfit.com/ru/product/zend
Amazfit,,https://amazfit-support.cdn.bcebos.com/uploads/doc/20210201/161215960586.pdf,,Amazfit GTR 2e,,No Category,,amazfit.com,https://amazfit-support.cdn.bcebos.com/uploads/products/5ff7cd8fc7d99.png,Quickstart Guide,https://support.amazfit.com/ru/product/gtr2
Amazfit,,https://amazfit-support.cdn.bcebos.com/uploads/doc/20210225/161422118980.pdf,,Amazfit GTR 2e,,No Category,,amazfit.com,https://amazfit-support.cdn.bcebos.com/uploads/products/5ff7cd8fc7d99.png,User Guide,https://support.amazfit.com/ru/product/gtr2
Amazfit,,https://amazfit-support.cdn.bcebos.com/uploads/doc/20210722/162694284346.pdf,,Amazfit PowerBuds Pro,,No Category,,amazfit.com,https://amazfit-support.cdn.bcebos.com/uploads/products/60f92cef12f34.png,User Guide,https://support.amazfit.com/ru/product/powerbudspro
Amazfit,,https://amazfit-support.cdn.bcebos.com/uploads/doc/20210722/162694336387.pdf,,Amazfit PowerBuds Pro,,No Category,,amazfit.com,https://amazfit-support.cdn.bcebos.com/uploads/products/60f92cef12f34.png,Quickstart Guide,https://support.amazfit.com/ru/product/powerbudspro
Amazfit,,https://amazfit-support.cdn.bcebos.com/uploads/doc/20210201/161215938041.pdf,,Amazfit GTS 2e,,No Category,,amazfit.com,https://amazfit-support.cdn.bcebos.com/uploads/products/5ff7cf4ebb359.png,Quickstart Guide,https://support.amazfit.com/ru/product/gts2e
Amazfit,,https://amazfit-support.cdn.bcebos.com/uploads/doc/20210204/161241032277.pdf,,Amazfit GTS 2e,,No Category,,amazfit.com,https://amazfit-support.cdn.bcebos.com/uploads/products/5ff7cf4ebb359.png,User Guide,https://support.amazfit.com/ru/product/gts2e
Amazfit,,https://amazfit-support.cdn.bcebos.com/uploads/doc/20210201/161215861280.pdf,,Amazfit GTS 2 mini,,No Category,,amazfit.com,https://amazfit-support.cdn.bcebos.com/uploads/products/5fdac5133d807.png,Quickstart Guide,https://support.amazfit.com/ru/product/2018
Amazfit,,https://amazfit-support.cdn.bcebos.com/uploads/doc/20210311/161544865226.pdf,,Amazfit GTS 2 mini,,No Category,,amazfit.com,https://amazfit-support.cdn.bcebos.com/uploads/products/5fdac5133d807.png,User Guide,https://support.amazfit.com/ru/product/2018
Amazfit,,https://amazfit-support.cdn.bcebos.com/uploads/doc/20210324/161655556137.pdf,,Amazfit T-Rex Pro,,No Category,,amazfit.com,https://amazfit-support.cdn.bcebos.com/uploads/products/605ab391cc09d.png,User Guide,https://support.amazfit.com/ru/product/11
Amazfit,,https://amazfit-support.cdn.bcebos.com/uploads/doc/20210324/161655657616.pdf,,Amazfit T-Rex Pro,,No Category,,amazfit.com,https://amazfit-support.cdn.bcebos.com/uploads/products/605ab391cc09d.png,Quickstart Guide,https://support.amazfit.com/ru/product/11
Amazfit,,https://amazfit-support.cdn.bcebos.com/uploads/doc/20210203/161232336098.pdf,,Amazfit Verge Lite,,No Category,en,amazfit.com,https://amazfit-support.cdn.bcebos.com/uploads/products/5d8c8774012a7.png,Quickstart Guide,https://support.amazfit.com/en/product/verge-lite
Amazfit,,https://amazfit-support.cdn.bcebos.com/uploads/doc/20210204/161241108943.pdf,,Amazfit Verge Lite,,No Category,en,amazfit.com,https://amazfit-support.cdn.bcebos.com/uploads/products/5d8c8774012a7.png,User Guide,https://support.amazfit.com/en/product/verge-lite
Amazfit,,https://amazfit-support.cdn.bcebos.com/uploads/doc/20210204/161240904282.pdf,,Amazfit Bip,,No Category,en,amazfit.com,https://amazfit-support.cdn.bcebos.com/uploads/products/5d8c871c840f8.png,User Guide,https://support.amazfit.com/en/product/bip
Amazfit,,https://amazfit-support.cdn.bcebos.com/uploads/doc/20210201/161216090449.pdf,,Amazfit GTS,,No Category,en,amazfit.com,https://amazfit-support.cdn.bcebos.com/uploads/products/5d8c87908cf84.png,Quickstart Guide,https://support.amazfit.com/en/product/gts
Amazfit,,https://amazfit-support.cdn.bcebos.com/uploads/doc/20210204/161241005816.pdf,,Amazfit GTS,,No Category,en,amazfit.com,https://amazfit-support.cdn.bcebos.com/uploads/products/5d8c87908cf84.png,User Guide,https://support.amazfit.com/en/product/gts
Amazfit,,https://amazfit-support.cdn.bcebos.com/uploads/doc/20210204/161241011884.pdf,,Amazfit GTS,,No Category,en,amazfit.com,https://amazfit-support.cdn.bcebos.com/uploads/products/5d8c87908cf84.png,User Guide,https://support.amazfit.com/en/product/gts
Amazfit,,https://amazfit-support.cdn.bcebos.com/uploads/doc/20210201/16121607594.pdf,,Amazfit GTR,,No Category,en,amazfit.com,https://amazfit-support.cdn.bcebos.com/uploads/products/5d8c87816ea3e.png,Quickstart Guide,https://support.amazfit.com/en/product/gtr
Amazfit,,https://amazfit-support.cdn.bcebos.com/uploads/doc/20210204/161240983229.pdf,,Amazfit GTR,,No Category,en,amazfit.com,https://amazfit-support.cdn.bcebos.com/uploads/products/5d8c87816ea3e.png,User Guide,https://support.amazfit.com/en/product/gtr
Amazfit,,https://amazfit-support.cdn.bcebos.com/uploads/doc/20210201/161216110852.pdf,,Amazfit T-Rex,,No Category,en,amazfit.com,https://amazfit-support.cdn.bcebos.com/uploads/products/5e2034a4a0ab7.png,Quickstart Guide,https://support.amazfit.com/en/product/t-rex
Amazfit,,https://amazfit-support.cdn.bcebos.com/uploads/doc/20210204/161241096922.pdf,,Amazfit T-Rex,,No Category,en,amazfit.com,https://amazfit-support.cdn.bcebos.com/uploads/products/5e2034a4a0ab7.png,User Guide,https://support.amazfit.com/en/product/t-rex
Amazfit,,https://amazfit-support.cdn.bcebos.com/uploads/doc/20210203/161232350127.pdf,,Amazfit Stratos 3,,No Category,en,amazfit.com,https://amazfit-support.cdn.bcebos.com/uploads/products/5dca7f31124b3.png,Quickstart Guide,https://support.amazfit.com/en/product/stratos-3
Amazfit,,https://amazfit-support.cdn.bcebos.com/uploads/doc/20210204/16124109429.pdf,,Amazfit Stratos 3,,No Category,en,amazfit.com,https://amazfit-support.cdn.bcebos.com/uploads/products/5dca7f31124b3.png,User Guide,https://support.amazfit.com/en/product/stratos-3
Amazfit,,https://amazfit-support.cdn.bcebos.com/uploads/doc/20210203/161232309347.pdf,,Amazfit Bip S,,No Category,en,amazfit.com,https://amazfit-support.cdn.bcebos.com/uploads/products/5e69e5dad3c28.png,Quickstart Guide,https://support.amazfit.com/en/product/12
Amazfit,,https://amazfit-support.cdn.bcebos.com/uploads/doc/20210204/161240913613.pdf,,Amazfit Bip S,,No Category,en,amazfit.com,https://amazfit-support.cdn.bcebos.com/uploads/products/5e69e5dad3c28.png,User Guide,https://support.amazfit.com/en/product/12
Amazfit,,https://amazfit-support.cdn.bcebos.com/uploads/doc/20210406/161769454631.pdf,,Amazfit PowerBuds,,No Category,en,amazfit.com,https://amazfit-support.cdn.bcebos.com/uploads/products/5eb3e1e90171d.png,Quickstart Guide,https://support.amazfit.com/en/product/1
Amazfit,,https://amazfit-support.cdn.bcebos.com/uploads/doc/20210203/161232363032.pdf,,Amazfit X,,No Category,en,amazfit.com,https://amazfit-support.cdn.bcebos.com/uploads/products/5f3defc1b3fd0.png,Quickstart Guide,https://support.amazfit.com/en/product/a
Amazfit,,https://amazfit-support.cdn.bcebos.com/uploads/doc/20210204/161240861194.pdf,,Amazfit X,,No Category,en,amazfit.com,https://amazfit-support.cdn.bcebos.com/uploads/products/5f3defc1b3fd0.png,User Guide,https://support.amazfit.com/en/product/a
Amazfit,,https://amazfit-support.cdn.bcebos.com/uploads/doc/20210129/161190290538.pdf,,Amazfit Neo,,No Category,en,amazfit.com,https://amazfit-support.cdn.bcebos.com/uploads/products/5f62d0d289508.png,Quickstart Guide,https://support.amazfit.com/en/product/neo
Amazfit,,https://amazfit-support.cdn.bcebos.com/uploads/doc/20210204/161241041839.pdf,,Amazfit Neo,,No Category,en,amazfit.com,https://amazfit-support.cdn.bcebos.com/uploads/products/5f62d0d289508.png,User Guide,https://support.amazfit.com/en/product/neo
Amazfit,,https://amazfit-support.cdn.bcebos.com/uploads/doc/20210203/161232269453.pdf,,Amazfit Verge,,No Category,en,amazfit.com,https://amazfit-support.cdn.bcebos.com/uploads/products/5d8c86f1560bb.png,Quickstart Guide,https://support.amazfit.com/en/product/verge
Amazfit,,https://amazfit-support.cdn.bcebos.com/uploads/doc/20210204/161241103585.pdf,,Amazfit Verge,,No Category,en,amazfit.com,https://amazfit-support.cdn.bcebos.com/uploads/products/5d8c86f1560bb.png,User Guide,https://support.amazfit.com/en/product/verge
Amazfit,,https://amazfit-support.cdn.bcebos.com/uploads/doc/20210201/161216214655.pdf,,Amazfit Band 5,,No Category,en,amazfit.com,https://amazfit-support.cdn.bcebos.com/uploads/products/5f6315103f223.png,Quickstart Guide,https://support.amazfit.com/en/product/band
Amazfit,,https://amazfit-support.cdn.bcebos.com/uploads/doc/20210204/161240883936.pdf,,Amazfit Band 5,,No Category,en,amazfit.com,https://amazfit-support.cdn.bcebos.com/uploads/products/5f6315103f223.png,User Guide,https://support.amazfit.com/en/product/band
Amazfit,,https://amazfit-support.cdn.bcebos.com/uploads/doc/20210201/16121602117.pdf,,Amazfit Bip U,,No Category,en,amazfit.com,https://amazfit-support.cdn.bcebos.com/uploads/products/5f8806f20e4cf.png,Quickstart Guide,https://support.amazfit.com/en/product/2017
Amazfit,,https://amazfit-support.cdn.bcebos.com/uploads/doc/20210204/16124096904.pdf,,Amazfit Bip U,,No Category,en,amazfit.com,https://amazfit-support.cdn.bcebos.com/uploads/products/5f8806f20e4cf.png,User Guide,https://support.amazfit.com/en/product/2017
Amazfit,,https://amazfit-support.cdn.bcebos.com/uploads/doc/20210325/161665678169.pdf,,Amazfit Bip U,,No Category,en,amazfit.com,https://amazfit-support.cdn.bcebos.com/uploads/products/5f8806f20e4cf.png,Quickstart Guide,https://support.amazfit.com/en/product/2017
Amazfit,,https://amazfit-support.cdn.bcebos.com/uploads/doc/20210201/16121637698.pdf,,Amazfit Smart Scale,,No Category,en,amazfit.com,https://amazfit-support.cdn.bcebos.com/uploads/products/5fdac635c75d8.png,Quickstart Guide,https://support.amazfit.com/en/product/scale
Amazfit,,https://amazfit-support.cdn.bcebos.com/uploads/doc/20210204/161241069613.pdf,,Amazfit Smart Scale,,No Category,en,amazfit.com,https://amazfit-support.cdn.bcebos.com/uploads/products/5fdac635c75d8.png,User Guide,https://support.amazfit.com/en/product/scale
Amazfit,,https://amazfit-support.cdn.bcebos.com/uploads/doc/20210201/161216001724.pdf,,Amazfit GTR 2,,No Category,en,amazfit.com,https://amazfit-support.cdn.bcebos.com/uploads/products/5f977ec00a9b4.png,Quickstart Guide,https://support.amazfit.com/en/product/2222
Amazfit,,https://amazfit-support.cdn.bcebos.com/uploads/doc/20210204/161240819790.pdf,,Amazfit GTR 2,,No Category,en,amazfit.com,https://amazfit-support.cdn.bcebos.com/uploads/products/5f977ec00a9b4.png,User Guide,https://support.amazfit.com/en/product/2222
Amazfit,,https://amazfit-support.cdn.bcebos.com/uploads/doc/20210204/161240828369.pdf,,Amazfit GTR 2,,No Category,en,amazfit.com,https://amazfit-support.cdn.bcebos.com/uploads/products/5f977ec00a9b4.png,User Guide,https://support.amazfit.com/en/product/2222
Amazfit,,https://amazfit-support.cdn.bcebos.com/uploads/doc/20210325/161665696890.pdf,,Amazfit GTR 2,,No Category,en,amazfit.com,https://amazfit-support.cdn.bcebos.com/uploads/products/5f977ec00a9b4.png,Quickstart Guide,https://support.amazfit.com/en/product/2222
Amazfit,,https://amazfit-support.cdn.bcebos.com/uploads/doc/20210201/161215981573.pdf,,Amazfit GTS 2,,No Category,en,amazfit.com,https://amazfit-support.cdn.bcebos.com/uploads/products/5f9783f3eb35f.png,Quickstart Guide,https://support.amazfit.com/en/product/2221
Amazfit,,https://amazfit-support.cdn.bcebos.com/uploads/doc/20210204/161240854745.pdf,,Amazfit GTS 2,,No Category,en,amazfit.com,https://amazfit-support.cdn.bcebos.com/uploads/products/5f9783f3eb35f.png,User Guide,https://support.amazfit.com/en/product/2221
Amazfit,,https://amazfit-support.cdn.bcebos.com/uploads/doc/20210325/161665689030.pdf,,Amazfit GTS 2,,No Category,en,amazfit.com,https://amazfit-support.cdn.bcebos.com/uploads/products/5f9783f3eb35f.png,Quickstart Guide,https://support.amazfit.com/en/product/2221
Amazfit,,https://amazfit-support.cdn.bcebos.com/uploads/doc/20210129/161190222150.pdf,,Amazfit ZenBuds,,No Category,en,amazfit.com,https://amazfit-support.cdn.bcebos.com/uploads/products/5f6314610b9be.png,Quickstart Guide,https://support.amazfit.com/en/product/zend
Amazfit,,https://amazfit-support.cdn.bcebos.com/uploads/doc/20210201/161215882818.pdf,,Amazfit Bip U Pro,,No Category,en,amazfit.com,https://amazfit-support.cdn.bcebos.com/uploads/products/5fc8447ec0b9d.png,Quickstart Guide,https://support.amazfit.com/en/product/bipupro
Amazfit,,https://amazfit-support.cdn.bcebos.com/uploads/doc/20210204/161240977222.pdf,,Amazfit Bip U Pro,,No Category,en,amazfit.com,https://amazfit-support.cdn.bcebos.com/uploads/products/5fc8447ec0b9d.png,User Guide,https://support.amazfit.com/en/product/bipupro
Amazfit,,https://amazfit-support.cdn.bcebos.com/uploads/doc/20210325/161665671180.pdf,,Amazfit Bip U Pro,,No Category,en,amazfit.com,https://amazfit-support.cdn.bcebos.com/uploads/products/5fc8447ec0b9d.png,Quickstart Guide,https://support.amazfit.com/en/product/bipupro
Amazfit,,https://amazfit-support.cdn.bcebos.com/uploads/doc/20210201/161215957415.pdf,,Amazfit GTR 2e,,No Category,en,amazfit.com,https://amazfit-support.cdn.bcebos.com/uploads/products/5ff7cd8fc7d99.png,Quickstart Guide,https://support.amazfit.com/en/product/gtr2
Amazfit,,https://amazfit-support.cdn.bcebos.com/uploads/doc/20210225/161422115610.pdf,,Amazfit GTR 2e,,No Category,en,amazfit.com,https://amazfit-support.cdn.bcebos.com/uploads/products/5ff7cd8fc7d99.png,User Guide,https://support.amazfit.com/en/product/gtr2
Amazfit,,https://amazfit-support.cdn.bcebos.com/uploads/doc/20210325/161665681166.pdf,,Amazfit GTR 2e,,No Category,en,amazfit.com,https://amazfit-support.cdn.bcebos.com/uploads/products/5ff7cd8fc7d99.png,Quickstart Guide,https://support.amazfit.com/en/product/gtr2
Amazfit,,https://amazfit-support.cdn.bcebos.com/uploads/doc/20210201/161215935837.pdf,,Amazfit GTS 2e,,No Category,en,amazfit.com,https://amazfit-support.cdn.bcebos.com/uploads/products/5ff7cf4ebb359.png,Quickstart Guide,https://support.amazfit.com/en/product/gts2e
Amazfit,,https://amazfit-support.cdn.bcebos.com/uploads/doc/20210204/161241028543.pdf,,Amazfit GTS 2e,,No Category,en,amazfit.com,https://amazfit-support.cdn.bcebos.com/uploads/products/5ff7cf4ebb359.png,User Guide,https://support.amazfit.com/en/product/gts2e
Amazfit,,https://amazfit-support.cdn.bcebos.com/uploads/doc/20210325/161665693435.pdf,,Amazfit GTS 2e,,No Category,en,amazfit.com,https://amazfit-support.cdn.bcebos.com/uploads/products/5ff7cf4ebb359.png,Quickstart Guide,https://support.amazfit.com/en/product/gts2e
Amazfit,,https://amazfit-support.cdn.bcebos.com/uploads/doc/20210201/161215859375.pdf,,Amazfit GTS 2 mini,,No Category,en,amazfit.com,https://amazfit-support.cdn.bcebos.com/uploads/products/5fdac5133d807.png,Quickstart Guide,https://support.amazfit.com/en/product/2018
Amazfit,,https://amazfit-support.cdn.bcebos.com/uploads/doc/20210311/161544862517.pdf,,Amazfit GTS 2 mini,,No Category,en,amazfit.com,https://amazfit-support.cdn.bcebos.com/uploads/products/5fdac5133d807.png,User Guide,https://support.amazfit.com/en/product/2018
Amazfit,,https://amazfit-support.cdn.bcebos.com/uploads/doc/20210325/161665684769.pdf,,Amazfit GTS 2 mini,,No Category,en,amazfit.com,https://amazfit-support.cdn.bcebos.com/uploads/products/5fdac5133d807.png,Quickstart Guide,https://support.amazfit.com/en/product/2018
Amazfit,,https://amazfit-support.cdn.bcebos.com/uploads/doc/20210722/162694282743.pdf,,Amazfit PowerBuds Pro,,No Category,en,amazfit.com,https://amazfit-support.cdn.bcebos.com/uploads/products/60f92cef12f34.png,User Guide,https://support.amazfit.com/en/product/powerbudspro
Amazfit,,https://amazfit-support.cdn.bcebos.com/uploads/doc/20210722/162694334629.pdf,,Amazfit PowerBuds Pro,,No Category,en,amazfit.com,https://amazfit-support.cdn.bcebos.com/uploads/products/60f92cef12f34.png,Quickstart Guide,https://support.amazfit.com/en/product/powerbudspro
Amazfit,,https://amazfit-support.cdn.bcebos.com/uploads/doc/20210203/161232349440.pdf,,Amazfit Stratos 3,,No Category,,amazfit.com,https://amazfit-support.cdn.bcebos.com/uploads/products/5dca7f31124b3.png,Quickstart Guide,https://support.amazfit.com/es/product/stratos-3
Amazfit,,https://amazfit-support.cdn.bcebos.com/uploads/doc/20210324/161655546552.pdf,,Amazfit T-Rex Pro,,No Category,en,amazfit.com,https://amazfit-support.cdn.bcebos.com/uploads/products/605ab391cc09d.png,User Guide,https://support.amazfit.com/en/product/11
Amazfit,,https://amazfit-support.cdn.bcebos.com/uploads/doc/20210324/161655655970.pdf,,Amazfit T-Rex Pro,,No Category,en,amazfit.com,https://amazfit-support.cdn.bcebos.com/uploads/products/605ab391cc09d.png,Quickstart Guide,https://support.amazfit.com/en/product/11
Amazfit,,https://amazfit-support.cdn.bcebos.com/uploads/doc/20210324/161655663996.pdf,,Amazfit T-Rex Pro,,No Category,en,amazfit.com,https://amazfit-support.cdn.bcebos.com/uploads/products/605ab391cc09d.png,Quickstart Guide,https://support.amazfit.com/en/product/11
Amazfit,,https://amazfit-support.cdn.bcebos.com/uploads/doc/20210203/161232311487.pdf,,Amazfit Bip S,,No Category,,amazfit.com,https://amazfit-support.cdn.bcebos.com/uploads/products/5e69e5dad3c28.png,Quickstart Guide,https://support.amazfit.com/es/product/12
Amazfit,,https://amazfit-support.cdn.bcebos.com/uploads/doc/20210201/161216113621.pdf,,Amazfit T-Rex,,No Category,,amazfit.com,https://amazfit-support.cdn.bcebos.com/uploads/products/5e2034a4a0ab7.png,Quickstart Guide,https://support.amazfit.com/es/product/t-rex
Amazfit,,https://amazfit-support.cdn.bcebos.com/uploads/doc/20210406/161769457774.pdf,,Amazfit PowerBuds,,No Category,,amazfit.com,https://amazfit-support.cdn.bcebos.com/uploads/products/5eb3e1e90171d.png,Quickstart Guide,https://support.amazfit.com/es/product/1
Amazfit,,https://amazfit-support.cdn.bcebos.com/uploads/doc/20210203/161232364834.pdf,,Amazfit X,,No Category,,amazfit.com,https://amazfit-support.cdn.bcebos.com/uploads/products/5f3defc1b3fd0.png,Quickstart Guide,https://support.amazfit.com/es/product/a
Amazfit,,https://amazfit-support.cdn.bcebos.com/uploads/doc/20210129/161190289553.pdf,,Amazfit Neo,,No Category,,amazfit.com,https://amazfit-support.cdn.bcebos.com/uploads/products/5f62d0d289508.png,Quickstart Guide,https://support.amazfit.com/es/product/neo
Amazfit,,https://amazfit-support.cdn.bcebos.com/uploads/doc/20210204/161241044482.pdf,,Amazfit Neo,,No Category,,amazfit.com,https://amazfit-support.cdn.bcebos.com/uploads/products/5f62d0d289508.png,User Guide,https://support.amazfit.com/es/product/neo
Amazfit,,https://amazfit-support.cdn.bcebos.com/uploads/doc/20210203/161232233434.pdf,,Amazfit Band 5,,No Category,,amazfit.com,https://amazfit-support.cdn.bcebos.com/uploads/products/5f6315103f223.png,Quickstart Guide,https://support.amazfit.com/es/product/band
Amazfit,,https://amazfit-support.cdn.bcebos.com/uploads/doc/20210204/161240895412.pdf,,Amazfit Band 5,,No Category,,amazfit.com,https://amazfit-support.cdn.bcebos.com/uploads/products/5f6315103f223.png,User Guide,https://support.amazfit.com/es/product/band
Amazfit,,https://amazfit-support.cdn.bcebos.com/uploads/doc/20210201/16121602347.pdf,,Amazfit Bip U,,No Category,,amazfit.com,https://amazfit-support.cdn.bcebos.com/uploads/products/5f8806f20e4cf.png,Quickstart Guide,https://support.amazfit.com/es/product/2017
Amazfit,,https://amazfit-support.cdn.bcebos.com/uploads/doc/20210204/161240938065.pdf,,Amazfit Bip U,,No Category,,amazfit.com,https://amazfit-support.cdn.bcebos.com/uploads/products/5f8806f20e4cf.png,User Guide,https://support.amazfit.com/es/product/2017
Amazfit,,https://amazfit-support.cdn.bcebos.com/uploads/doc/20210201/161216381249.pdf,,Amazfit Smart Scale,,No Category,,amazfit.com,https://amazfit-support.cdn.bcebos.com/uploads/products/5fdac635c75d8.png,Quickstart Guide,https://support.amazfit.com/es/product/scale
Amazfit,,https://amazfit-support.cdn.bcebos.com/uploads/doc/20210204/161241050472.pdf,,Amazfit Smart Scale,,No Category,,amazfit.com,https://amazfit-support.cdn.bcebos.com/uploads/products/5fdac635c75d8.png,User Guide,https://support.amazfit.com/es/product/scale
Amazfit,,https://amazfit-support.cdn.bcebos.com/uploads/doc/20210201/161216004045.pdf,,Amazfit GTR 2,,No Category,,amazfit.com,https://amazfit-support.cdn.bcebos.com/uploads/products/5f977ec00a9b4.png,Quickstart Guide,https://support.amazfit.com/es/product/2222
Amazfit,,https://amazfit-support.cdn.bcebos.com/uploads/doc/20210204/161240824152.pdf,,Amazfit GTR 2,,No Category,,amazfit.com,https://amazfit-support.cdn.bcebos.com/uploads/products/5f977ec00a9b4.png,User Guide,https://support.amazfit.com/es/product/2222
Amazfit,,https://amazfit-support.cdn.bcebos.com/uploads/doc/20210201/161215885093.pdf,,Amazfit Bip U Pro,,No Category,,amazfit.com,https://amazfit-support.cdn.bcebos.com/uploads/products/5fc8447ec0b9d.png,Quickstart Guide,https://support.amazfit.com/es/product/bipupro
Amazfit,,https://amazfit-support.cdn.bcebos.com/uploads/doc/20210204/161240980679.pdf,,Amazfit Bip U Pro,,No Category,,amazfit.com,https://amazfit-support.cdn.bcebos.com/uploads/products/5fc8447ec0b9d.png,User Guide,https://support.amazfit.com/es/product/bipupro
Amazfit,,https://amazfit-support.cdn.bcebos.com/uploads/doc/20210201/161215980765.pdf,,Amazfit GTS 2,,No Category,,amazfit.com,https://amazfit-support.cdn.bcebos.com/uploads/products/5f9783f3eb35f.png,Quickstart Guide,https://support.amazfit.com/es/product/2221
Amazfit,,https://amazfit-support.cdn.bcebos.com/uploads/doc/20210204/161240832362.pdf,,Amazfit GTS 2,,No Category,,amazfit.com,https://amazfit-support.cdn.bcebos.com/uploads/products/5f9783f3eb35f.png,User Guide,https://support.amazfit.com/es/product/2221
Amazfit,,https://amazfit-support.cdn.bcebos.com/uploads/doc/20210129/161190224753.pdf,,Amazfit ZenBuds,,No Category,,amazfit.com,https://amazfit-support.cdn.bcebos.com/uploads/products/5f6314610b9be.png,Quickstart Guide,https://support.amazfit.com/es/product/zend
Amazfit,,https://amazfit-support.cdn.bcebos.com/uploads/doc/20210201/161215961078.pdf,,Amazfit GTR 2e,,No Category,,amazfit.com,https://amazfit-support.cdn.bcebos.com/uploads/products/5ff7cd8fc7d99.png,Quickstart Guide,https://support.amazfit.com/es/product/gtr2
Amazfit,,https://amazfit-support.cdn.bcebos.com/uploads/doc/20210225/161422119334.pdf,,Amazfit GTR 2e,,No Category,,amazfit.com,https://amazfit-support.cdn.bcebos.com/uploads/products/5ff7cd8fc7d99.png,User Guide,https://support.amazfit.com/es/product/gtr2
Amazfit,,https://amazfit-support.cdn.bcebos.com/uploads/doc/20210201/16121593848.pdf,,Amazfit GTS 2e,,No Category,,amazfit.com,https://amazfit-support.cdn.bcebos.com/uploads/products/5ff7cf4ebb359.png,Quickstart Guide,https://support.amazfit.com/es/product/gts2e
Amazfit,,https://amazfit-support.cdn.bcebos.com/uploads/doc/20210204/161241032871.pdf,,Amazfit GTS 2e,,No Category,,amazfit.com,https://amazfit-support.cdn.bcebos.com/uploads/products/5ff7cf4ebb359.png,User Guide,https://support.amazfit.com/es/product/gts2e
Amazfit,,https://amazfit-support.cdn.bcebos.com/uploads/doc/20210722/162694284410.pdf,,Amazfit PowerBuds Pro,,No Category,,amazfit.com,https://amazfit-support.cdn.bcebos.com/uploads/products/60f92cef12f34.png,User Guide,https://support.amazfit.com/es/product/powerbudspro
Amazfit,,https://amazfit-support.cdn.bcebos.com/uploads/doc/20210722/162694336595.pdf,,Amazfit PowerBuds Pro,,No Category,,amazfit.com,https://amazfit-support.cdn.bcebos.com/uploads/products/60f92cef12f34.png,Quickstart Guide,https://support.amazfit.com/es/product/powerbudspro
Amazfit,,https://amazfit-support.cdn.bcebos.com/uploads/doc/20210324/161655556441.pdf,,Amazfit T-Rex Pro,,No Category,,amazfit.com,https://amazfit-support.cdn.bcebos.com/uploads/products/605ab391cc09d.png,User Guide,https://support.amazfit.com/es/product/11
Amazfit,,https://amazfit-support.cdn.bcebos.com/uploads/doc/20210324/161655657924.pdf,,Amazfit T-Rex Pro,,No Category,,amazfit.com,https://amazfit-support.cdn.bcebos.com/uploads/products/605ab391cc09d.png,Quickstart Guide,https://support.amazfit.com/es/product/11
Amazfit,,https://amazfit-support.cdn.bcebos.com/uploads/doc/20210201/161215861650.pdf,,Amazfit GTS 2 mini,,No Category,,amazfit.com,https://amazfit-support.cdn.bcebos.com/uploads/products/5fdac5133d807.png,Quickstart Guide,https://support.amazfit.com/es/product/2018
Amazfit,,https://amazfit-support.cdn.bcebos.com/uploads/doc/20210311/161544861798.pdf,,Amazfit GTS 2 mini,,No Category,,amazfit.com,https://amazfit-support.cdn.bcebos.com/uploads/products/5fdac5133d807.png,User Guide,https://support.amazfit.com/es/product/2018
Amazfit,,https://amazfit-support.cdn.bcebos.com/uploads/doc/20210201/161216077787.pdf,,Amazfit GTR,,No Category,,amazfit.com,https://amazfit-support.cdn.bcebos.com/uploads/products/5d8c87816ea3e.png,Quickstart Guide,https://support.amazfit.com/kr/product/gtr
Amazfit,,https://amazfit-support.cdn.bcebos.com/uploads/doc/20210201/161216112887.pdf,,Amazfit T-Rex,,No Category,,amazfit.com,https://amazfit-support.cdn.bcebos.com/uploads/products/5e2034a4a0ab7.png,Quickstart Guide,https://support.amazfit.com/kr/product/t-rex
Amazfit,,https://amazfit-support.cdn.bcebos.com/uploads/doc/20210406/161769456899.pdf,,Amazfit PowerBuds,,No Category,,amazfit.com,https://amazfit-support.cdn.bcebos.com/uploads/products/5eb3e1e90171d.png,Quickstart Guide,https://support.amazfit.com/kr/product/1
Amazfit,,https://amazfit-support.cdn.bcebos.com/uploads/doc/20210201/161216379894.pdf,,Amazfit Smart Scale,,No Category,,amazfit.com,https://amazfit-support.cdn.bcebos.com/uploads/products/5fdac635c75d8.png,Quickstart Guide,https://support.amazfit.com/kr/product/scale
Amazfit,,https://amazfit-support.cdn.bcebos.com/uploads/doc/20210204/161241049627.pdf,,Amazfit Smart Scale,,No Category,,amazfit.com,https://amazfit-support.cdn.bcebos.com/uploads/products/5fdac635c75d8.png,User Guide,https://support.amazfit.com/kr/product/scale
Amazfit,,https://amazfit-support.cdn.bcebos.com/uploads/doc/20210201/16121621647.pdf,,Amazfit Band 5,,No Category,,amazfit.com,https://amazfit-support.cdn.bcebos.com/uploads/products/5f6315103f223.png,Quickstart Guide,https://support.amazfit.com/kr/product/band
Amazfit,,https://amazfit-support.cdn.bcebos.com/uploads/doc/20210204/161240894741.pdf,,Amazfit Band 5,,No Category,,amazfit.com,https://amazfit-support.cdn.bcebos.com/uploads/products/5f6315103f223.png,User Guide,https://support.amazfit.com/kr/product/band
Amazfit,,https://amazfit-support.cdn.bcebos.com/uploads/doc/20210129/161190292927.pdf,,Amazfit Neo,,No Category,,amazfit.com,https://amazfit-support.cdn.bcebos.com/uploads/products/5f62d0d289508.png,Quickstart Guide,https://support.amazfit.com/kr/product/neo
Amazfit,,https://amazfit-support.cdn.bcebos.com/uploads/doc/20210204/161241043537.pdf,,Amazfit Neo,,No Category,,amazfit.com,https://amazfit-support.cdn.bcebos.com/uploads/products/5f62d0d289508.png,User Guide,https://support.amazfit.com/kr/product/neo
Amazfit,,https://amazfit-support.cdn.bcebos.com/uploads/doc/20210201/161216022848.pdf,,Amazfit Bip U,,No Category,,amazfit.com,https://amazfit-support.cdn.bcebos.com/uploads/products/5f8806f20e4cf.png,Quickstart Guide,https://support.amazfit.com/kr/product/2017
Amazfit,,https://amazfit-support.cdn.bcebos.com/uploads/doc/20210204/161240972272.pdf,,Amazfit Bip U,,No Category,,amazfit.com,https://amazfit-support.cdn.bcebos.com/uploads/products/5f8806f20e4cf.png,User Guide,https://support.amazfit.com/kr/product/2017
Amazfit,,https://amazfit-support.cdn.bcebos.com/uploads/doc/20210201/161216003472.pdf,,Amazfit GTR 2,,No Category,,amazfit.com,https://amazfit-support.cdn.bcebos.com/uploads/products/5f977ec00a9b4.png,Quickstart Guide,https://support.amazfit.com/kr/product/2222
Amazfit,,https://amazfit-support.cdn.bcebos.com/uploads/doc/20210204/16124082284.pdf,,Amazfit GTR 2,,No Category,,amazfit.com,https://amazfit-support.cdn.bcebos.com/uploads/products/5f977ec00a9b4.png,User Guide,https://support.amazfit.com/kr/product/2222
Amazfit,,https://amazfit-support.cdn.bcebos.com/uploads/doc/20210201/161215884440.pdf,,Amazfit Bip U Pro,,No Category,,amazfit.com,https://amazfit-support.cdn.bcebos.com/uploads/products/5fc8447ec0b9d.png,Quickstart Guide,https://support.amazfit.com/kr/product/bipupro
Amazfit,,https://amazfit-support.cdn.bcebos.com/uploads/doc/20210204/161240979693.pdf,,Amazfit Bip U Pro,,No Category,,amazfit.com,https://amazfit-support.cdn.bcebos.com/uploads/products/5fc8447ec0b9d.png,User Guide,https://support.amazfit.com/kr/product/bipupro
Amazfit,,https://amazfit-support.cdn.bcebos.com/uploads/doc/20210201/161215979823.pdf,,Amazfit GTS 2,,No Category,,amazfit.com,https://amazfit-support.cdn.bcebos.com/uploads/products/5f9783f3eb35f.png,Quickstart Guide,https://support.amazfit.com/kr/product/2221
Amazfit,,https://amazfit-support.cdn.bcebos.com/uploads/doc/20210204/161240831272.pdf,,Amazfit GTS 2,,No Category,,amazfit.com,https://amazfit-support.cdn.bcebos.com/uploads/products/5f9783f3eb35f.png,User Guide,https://support.amazfit.com/kr/product/2221
Amazfit,,https://amazfit-support.cdn.bcebos.com/uploads/doc/20210201/161215960066.pdf,,Amazfit GTR 2e,,No Category,,amazfit.com,https://amazfit-support.cdn.bcebos.com/uploads/products/5ff7cd8fc7d99.png,Quickstart Guide,https://support.amazfit.com/kr/product/gtr2
Amazfit,,https://amazfit-support.cdn.bcebos.com/uploads/doc/20210225/161422118393.pdf,,Amazfit GTR 2e,,No Category,,amazfit.com,https://amazfit-support.cdn.bcebos.com/uploads/products/5ff7cd8fc7d99.png,User Guide,https://support.amazfit.com/kr/product/gtr2
Amazfit,,https://amazfit-support.cdn.bcebos.com/uploads/doc/20210129/161190224061.pdf,,Amazfit ZenBuds,,No Category,,amazfit.com,https://amazfit-support.cdn.bcebos.com/uploads/products/5f6314610b9be.png,Quickstart Guide,https://support.amazfit.com/kr/product/zend
Amazfit,,https://amazfit-support.cdn.bcebos.com/uploads/doc/20210201/161215937645.pdf,,Amazfit GTS 2e,,No Category,,amazfit.com,https://amazfit-support.cdn.bcebos.com/uploads/products/5ff7cf4ebb359.png,Quickstart Guide,https://support.amazfit.com/kr/product/gts2e
Amazfit,,https://amazfit-support.cdn.bcebos.com/uploads/doc/20210204/161241031686.pdf,,Amazfit GTS 2e,,No Category,,amazfit.com,https://amazfit-support.cdn.bcebos.com/uploads/products/5ff7cf4ebb359.png,User Guide,https://support.amazfit.com/kr/product/gts2e
Amazfit,,https://amazfit-support.cdn.bcebos.com/uploads/doc/20210201/161215860913.pdf,,Amazfit GTS 2 mini,,No Category,,amazfit.com,https://amazfit-support.cdn.bcebos.com/uploads/products/5fdac5133d807.png,Quickstart Guide,https://support.amazfit.com/kr/product/2018
Amazfit,,https://amazfit-support.cdn.bcebos.com/uploads/doc/20210311/161544864825.pdf,,Amazfit GTS 2 mini,,No Category,,amazfit.com,https://amazfit-support.cdn.bcebos.com/uploads/products/5fdac5133d807.png,User Guide,https://support.amazfit.com/kr/product/2018
Amazfit,,https://amazfit-support.cdn.bcebos.com/uploads/doc/20210722/16269428383.pdf,,Amazfit PowerBuds Pro,,No Category,,amazfit.com,https://amazfit-support.cdn.bcebos.com/uploads/products/60f92cef12f34.png,User Guide,https://support.amazfit.com/kr/product/powerbudspro
Amazfit,,https://amazfit-support.cdn.bcebos.com/uploads/doc/20210722/162694336089.pdf,,Amazfit PowerBuds Pro,,No Category,,amazfit.com,https://amazfit-support.cdn.bcebos.com/uploads/products/60f92cef12f34.png,Quickstart Guide,https://support.amazfit.com/kr/product/powerbudspro
Amazfit,,https://amazfit-support.cdn.bcebos.com/uploads/doc/20210201/161216077276.pdf,,Amazfit GTR,,No Category,,amazfit.com,https://amazfit-support.cdn.bcebos.com/uploads/products/5d8c87816ea3e.png,Quickstart Guide,https://support.amazfit.com/jp/product/gtr
Amazfit,,https://amazfit-support.cdn.bcebos.com/uploads/doc/20210527/162210874635.pdf,,Amazfit T-Rex Pro,,No Category,,amazfit.com,https://amazfit-support.cdn.bcebos.com/uploads/products/605ab391cc09d.png,Quickstart Guide,https://support.amazfit.com/kr/product/11
Amazfit,,https://amazfit-support.cdn.bcebos.com/uploads/doc/20210527/162210885498.pdf,,Amazfit T-Rex Pro,,No Category,,amazfit.com,https://amazfit-support.cdn.bcebos.com/uploads/products/605ab391cc09d.png,User Guide,https://support.amazfit.com/kr/product/11
Amazfit,,https://amazfit-support.cdn.bcebos.com/uploads/doc/20210201/161216112456.pdf,,Amazfit T-Rex,,No Category,,amazfit.com,https://amazfit-support.cdn.bcebos.com/uploads/products/5e2034a4a0ab7.png,Quickstart Guide,https://support.amazfit.com/jp/product/t-rex
Amazfit,,https://amazfit-support.cdn.bcebos.com/uploads/doc/20210129/161190292496.pdf,,Amazfit Neo,,No Category,,amazfit.com,https://amazfit-support.cdn.bcebos.com/uploads/products/5f62d0d289508.png,Quickstart Guide,https://support.amazfit.com/jp/product/neo
Amazfit,,https://amazfit-support.cdn.bcebos.com/uploads/doc/20210201/161216216025.pdf,,Amazfit Band 5,,No Category,,amazfit.com,https://amazfit-support.cdn.bcebos.com/uploads/products/5f6315103f223.png,Quickstart Guide,https://support.amazfit.com/jp/product/band
Amazfit,,https://amazfit-support.cdn.bcebos.com/uploads/doc/20210406/161769456433.pdf,,Amazfit PowerBuds,,No Category,,amazfit.com,https://amazfit-support.cdn.bcebos.com/uploads/products/5eb3e1e90171d.png,Quickstart Guide,https://support.amazfit.com/jp/product/1
Amazfit,,https://amazfit-support.cdn.bcebos.com/uploads/doc/20210203/161232364241.pdf,,Amazfit X,,No Category,,amazfit.com,https://amazfit-support.cdn.bcebos.com/uploads/products/5f3defc1b3fd0.png,Quickstart Guide,https://support.amazfit.com/jp/product/a
Amazfit,,https://amazfit-support.cdn.bcebos.com/uploads/doc/20210201/161216379318.pdf,,Amazfit Smart Scale,,No Category,,amazfit.com,https://amazfit-support.cdn.bcebos.com/uploads/products/5fdac635c75d8.png,Quickstart Guide,https://support.amazfit.com/jp/product/scale
Amazfit,,https://amazfit-support.cdn.bcebos.com/uploads/doc/20210204/161241049288.pdf,,Amazfit Smart Scale,,No Category,,amazfit.com,https://amazfit-support.cdn.bcebos.com/uploads/products/5fdac635c75d8.png,User Guide,https://support.amazfit.com/jp/product/scale
Amazfit,,https://amazfit-support.cdn.bcebos.com/uploads/doc/20210201/161216003037.pdf,,Amazfit GTR 2,,No Category,,amazfit.com,https://amazfit-support.cdn.bcebos.com/uploads/products/5f977ec00a9b4.png,Quickstart Guide,https://support.amazfit.com/jp/product/2222
Amazfit,,https://amazfit-support.cdn.bcebos.com/uploads/doc/20210204/161240822387.pdf,,Amazfit GTR 2,,No Category,,amazfit.com,https://amazfit-support.cdn.bcebos.com/uploads/products/5f977ec00a9b4.png,User Guide,https://support.amazfit.com/jp/product/2222
Amazfit,,https://amazfit-support.cdn.bcebos.com/uploads/doc/20210201/161216022435.pdf,,Amazfit Bip U,,No Category,,amazfit.com,https://amazfit-support.cdn.bcebos.com/uploads/products/5f8806f20e4cf.png,Quickstart Guide,https://support.amazfit.com/jp/product/2017
Amazfit,,https://amazfit-support.cdn.bcebos.com/uploads/doc/20210204/161240971523.pdf,,Amazfit Bip U,,No Category,,amazfit.com,https://amazfit-support.cdn.bcebos.com/uploads/products/5f8806f20e4cf.png,User Guide,https://support.amazfit.com/jp/product/2017
Amazfit,,https://amazfit-support.cdn.bcebos.com/uploads/doc/20210201/161215983416.pdf,,Amazfit GTS 2,,No Category,,amazfit.com,https://amazfit-support.cdn.bcebos.com/uploads/products/5f9783f3eb35f.png,Quickstart Guide,https://support.amazfit.com/jp/product/2221
Amazfit,,https://amazfit-support.cdn.bcebos.com/uploads/doc/20210204/161240830716.pdf,,Amazfit GTS 2,,No Category,,amazfit.com,https://amazfit-support.cdn.bcebos.com/uploads/products/5f9783f3eb35f.png,User Guide,https://support.amazfit.com/jp/product/2221
Amazfit,,https://amazfit-support.cdn.bcebos.com/uploads/doc/20210201/161215884033.pdf,,Amazfit Bip U Pro,,No Category,,amazfit.com,https://amazfit-support.cdn.bcebos.com/uploads/products/5fc8447ec0b9d.png,Quickstart Guide,https://support.amazfit.com/jp/product/bipupro
Amazfit,,https://amazfit-support.cdn.bcebos.com/uploads/doc/20210204/16124097919.pdf,,Amazfit Bip U Pro,,No Category,,amazfit.com,https://amazfit-support.cdn.bcebos.com/uploads/products/5fc8447ec0b9d.png,User Guide,https://support.amazfit.com/jp/product/bipupro
Amazfit,,https://amazfit-support.cdn.bcebos.com/uploads/doc/20210129/161190223511.pdf,,Amazfit ZenBuds,,No Category,,amazfit.com,https://amazfit-support.cdn.bcebos.com/uploads/products/5f6314610b9be.png,Quickstart Guide,https://support.amazfit.com/jp/product/zend
Amazfit,,https://amazfit-support.cdn.bcebos.com/uploads/doc/20210201/161215959555.pdf,,Amazfit GTR 2e,,No Category,,amazfit.com,https://amazfit-support.cdn.bcebos.com/uploads/products/5ff7cd8fc7d99.png,Quickstart Guide,https://support.amazfit.com/jp/product/gtr2
Amazfit,,https://amazfit-support.cdn.bcebos.com/uploads/doc/20210225/161422117978.pdf,,Amazfit GTR 2e,,No Category,,amazfit.com,https://amazfit-support.cdn.bcebos.com/uploads/products/5ff7cd8fc7d99.png,User Guide,https://support.amazfit.com/jp/product/gtr2
Amazfit,,https://amazfit-support.cdn.bcebos.com/uploads/doc/20210201/161215937297.pdf,,Amazfit GTS 2e,,No Category,,amazfit.com,https://amazfit-support.cdn.bcebos.com/uploads/products/5ff7cf4ebb359.png,Quickstart Guide,https://support.amazfit.com/jp/product/gts2e
Amazfit,,https://amazfit-support.cdn.bcebos.com/uploads/doc/20210204/161241031081.pdf,,Amazfit GTS 2e,,No Category,,amazfit.com,https://amazfit-support.cdn.bcebos.com/uploads/products/5ff7cf4ebb359.png,User Guide,https://support.amazfit.com/jp/product/gts2e
Amazfit,,https://amazfit-support.cdn.bcebos.com/uploads/doc/20210722/162694283548.pdf,,Amazfit PowerBuds Pro,,No Category,,amazfit.com,https://amazfit-support.cdn.bcebos.com/uploads/products/60f92cef12f34.png,User Guide,https://support.amazfit.com/jp/product/powerbudspro
Amazfit,,https://amazfit-support.cdn.bcebos.com/uploads/doc/20210722/162694335716.pdf,,Amazfit PowerBuds Pro,,No Category,,amazfit.com,https://amazfit-support.cdn.bcebos.com/uploads/products/60f92cef12f34.png,Quickstart Guide,https://support.amazfit.com/jp/product/powerbudspro
Amazfit,,https://amazfit-support.cdn.bcebos.com/uploads/doc/20210201/161215860698.pdf,,Amazfit GTS 2 mini,,No Category,,amazfit.com,https://amazfit-support.cdn.bcebos.com/uploads/products/5fdac5133d807.png,Quickstart Guide,https://support.amazfit.com/jp/product/2018
Amazfit,,https://amazfit-support.cdn.bcebos.com/uploads/doc/20210311/161544864374.pdf,,Amazfit GTS 2 mini,,No Category,,amazfit.com,https://amazfit-support.cdn.bcebos.com/uploads/products/5fdac5133d807.png,User Guide,https://support.amazfit.com/jp/product/2018
Amazfit,,https://amazfit-support.cdn.bcebos.com/uploads/doc/20210324/161655657137.pdf,,Amazfit T-Rex Pro,,No Category,,amazfit.com,https://amazfit-support.cdn.bcebos.com/uploads/products/605ab391cc09d.png,Quickstart Guide,https://support.amazfit.com/jp/product/11
Amazfit,,https://amazfit-support.cdn.bcebos.com/uploads/doc/20210603/162271119182.pdf,,Amazfit T-Rex Pro,,No Category,,amazfit.com,https://amazfit-support.cdn.bcebos.com/uploads/products/605ab391cc09d.png,User Guide,https://support.amazfit.com/jp/product/11
Amazfit,,https://amazfit-support.cdn.bcebos.com/uploads/doc/20210201/161216076224.pdf,,Amazfit GTR,,No Category,,amazfit.com,https://amazfit-support.cdn.bcebos.com/uploads/products/5d8c87816ea3e.png,Quickstart Guide,https://support.amazfit.com/fr/product/gtr
Amazfit,,https://amazfit-support.cdn.bcebos.com/uploads/doc/20210129/161190291093.pdf,,Amazfit Neo,,No Category,,amazfit.com,https://amazfit-support.cdn.bcebos.com/uploads/products/5f62d0d289508.png,Quickstart Guide,https://support.amazfit.com/fr/product/neo
Amazfit,,https://amazfit-support.cdn.bcebos.com/uploads/doc/20210204/161241042268.pdf,,Amazfit Neo,,No Category,,amazfit.com,https://amazfit-support.cdn.bcebos.com/uploads/products/5f62d0d289508.png,User Guide,https://support.amazfit.com/fr/product/neo
Amazfit,,https://amazfit-support.cdn.bcebos.com/uploads/doc/20210203/161232269637.pdf,,Amazfit GTR 2,,No Category,,amazfit.com,https://amazfit-support.cdn.bcebos.com/uploads/products/5d8c86f1560bb.png,Quickstart Guide,https://support.amazfit.com/fr/product/verge
Amazfit,,https://amazfit-support.cdn.bcebos.com/uploads/doc/20210203/161232363334.pdf,,Amazfit X,,No Category,,amazfit.com,https://amazfit-support.cdn.bcebos.com/uploads/products/5f3defc1b3fd0.png,Quickstart Guide,https://support.amazfit.com/fr/product/a
Amazfit,,https://amazfit-support.cdn.bcebos.com/uploads/doc/20210201/161216111279.pdf,,Amazfit T-Rex,,No Category,,amazfit.com,https://amazfit-support.cdn.bcebos.com/uploads/products/5e2034a4a0ab7.png,Quickstart Guide,https://support.amazfit.com/fr/product/t-rex
Amazfit,,https://amazfit-support.cdn.bcebos.com/uploads/doc/20210201/161216377414.pdf,,Amazfit Smart Scale,,No Category,,amazfit.com,https://amazfit-support.cdn.bcebos.com/uploads/products/5fdac635c75d8.png,Quickstart Guide,https://support.amazfit.com/fr/product/scale
Amazfit,,https://amazfit-support.cdn.bcebos.com/uploads/doc/20210204/161241048131.pdf,,Amazfit Smart Scale,,No Category,,amazfit.com,https://amazfit-support.cdn.bcebos.com/uploads/products/5fdac635c75d8.png,User Guide,https://support.amazfit.com/fr/product/scale
Amazfit,,https://amazfit-support.cdn.bcebos.com/uploads/doc/20210201/161216215075.pdf,,Amazfit Band 5,,No Category,,amazfit.com,https://amazfit-support.cdn.bcebos.com/uploads/products/5f6315103f223.png,Quickstart Guide,https://support.amazfit.com/fr/product/band
Amazfit,,https://amazfit-support.cdn.bcebos.com/uploads/doc/20210204/16124089351.pdf,,Amazfit Band 5,,No Category,,amazfit.com,https://amazfit-support.cdn.bcebos.com/uploads/products/5f6315103f223.png,User Guide,https://support.amazfit.com/fr/product/band
Amazfit,,https://amazfit-support.cdn.bcebos.com/uploads/doc/20210201/161216021419.pdf,,Amazfit Bip U,,No Category,,amazfit.com,https://amazfit-support.cdn.bcebos.com/uploads/products/5f8806f20e4cf.png,Quickstart Guide,https://support.amazfit.com/fr/product/2017
Amazfit,,https://amazfit-support.cdn.bcebos.com/uploads/doc/20210204/161240969794.pdf,,Amazfit Bip U,,No Category,,amazfit.com,https://amazfit-support.cdn.bcebos.com/uploads/products/5f8806f20e4cf.png,User Guide,https://support.amazfit.com/fr/product/2017
Amazfit,,https://amazfit-support.cdn.bcebos.com/uploads/doc/20210201/16121600201.pdf,,Amazfit GTR 2,,No Category,,amazfit.com,https://amazfit-support.cdn.bcebos.com/uploads/products/5f977ec00a9b4.png,Quickstart Guide,https://support.amazfit.com/fr/product/2222
Amazfit,,https://amazfit-support.cdn.bcebos.com/uploads/doc/20210204/161240820231.pdf,,Amazfit GTR 2,,No Category,,amazfit.com,https://amazfit-support.cdn.bcebos.com/uploads/products/5f977ec00a9b4.png,User Guide,https://support.amazfit.com/fr/product/2222
Amazfit,,https://amazfit-support.cdn.bcebos.com/uploads/doc/20210201/161215982452.pdf,,Amazfit GTS 2,,No Category,,amazfit.com,https://amazfit-support.cdn.bcebos.com/uploads/products/5f9783f3eb35f.png,Quickstart Guide,https://support.amazfit.com/fr/product/2221
Amazfit,,https://amazfit-support.cdn.bcebos.com/uploads/doc/20210204/161240829015.pdf,,Amazfit GTS 2,,No Category,,amazfit.com,https://amazfit-support.cdn.bcebos.com/uploads/products/5f9783f3eb35f.png,User Guide,https://support.amazfit.com/fr/product/2221
Amazfit,,https://amazfit-support.cdn.bcebos.com/uploads/doc/20210201/161215883174.pdf,,Amazfit Bip U Pro,,No Category,,amazfit.com,https://amazfit-support.cdn.bcebos.com/uploads/products/5fc8447ec0b9d.png,Quickstart Guide,https://support.amazfit.com/fr/product/bipupro
Amazfit,,https://amazfit-support.cdn.bcebos.com/uploads/doc/20210204/161240977737.pdf,,Amazfit Bip U Pro,,No Category,,amazfit.com,https://amazfit-support.cdn.bcebos.com/uploads/products/5fc8447ec0b9d.png,User Guide,https://support.amazfit.com/fr/product/bipupro
Amazfit,,https://amazfit-support.cdn.bcebos.com/uploads/doc/20210129/161190222499.pdf,,Amazfit ZenBuds,,No Category,,amazfit.com,https://amazfit-support.cdn.bcebos.com/uploads/products/5f6314610b9be.png,Quickstart Guide,https://support.amazfit.com/fr/product/zend
Amazfit,,https://amazfit-support.cdn.bcebos.com/uploads/doc/20210201/161215958053.pdf,,Amazfit GTR 2e,,No Category,,amazfit.com,https://amazfit-support.cdn.bcebos.com/uploads/products/5ff7cd8fc7d99.png,Quickstart Guide,https://support.amazfit.com/fr/product/gtr2
Amazfit,,https://amazfit-support.cdn.bcebos.com/uploads/doc/20210225/161422116157.pdf,,Amazfit GTR 2e,,No Category,,amazfit.com,https://amazfit-support.cdn.bcebos.com/uploads/products/5ff7cd8fc7d99.png,User Guide,https://support.amazfit.com/fr/product/gtr2
Amazfit,,https://amazfit-support.cdn.bcebos.com/uploads/doc/20210722/162694282984.pdf,,Amazfit PowerBuds Pro,,No Category,,amazfit.com,https://amazfit-support.cdn.bcebos.com/uploads/products/60f92cef12f34.png,User Guide,https://support.amazfit.com/fr/product/powerbudspro
Amazfit,,https://amazfit-support.cdn.bcebos.com/uploads/doc/20210722/162694334818.pdf,,Amazfit PowerBuds Pro,,No Category,,amazfit.com,https://amazfit-support.cdn.bcebos.com/uploads/products/60f92cef12f34.png,Quickstart Guide,https://support.amazfit.com/fr/product/powerbudspro
Amazfit,,https://amazfit-support.cdn.bcebos.com/uploads/doc/20210201/161215936228.pdf,,Amazfit GTS 2e,,No Category,,amazfit.com,https://amazfit-support.cdn.bcebos.com/uploads/products/5ff7cf4ebb359.png,Quickstart Guide,https://support.amazfit.com/fr/product/gts2e
Amazfit,,https://amazfit-support.cdn.bcebos.com/uploads/doc/20210204/161241029137.pdf,,Amazfit GTS 2e,,No Category,,amazfit.com,https://amazfit-support.cdn.bcebos.com/uploads/products/5ff7cf4ebb359.png,User Guide,https://support.amazfit.com/fr/product/gts2e
Amazfit,,https://amazfit-support.cdn.bcebos.com/uploads/doc/20210201/161215859783.pdf,,Amazfit GTS 2 mini,,No Category,,amazfit.com,https://amazfit-support.cdn.bcebos.com/uploads/products/5fdac5133d807.png,Quickstart Guide,https://support.amazfit.com/fr/product/2018
Amazfit,,https://amazfit-support.cdn.bcebos.com/uploads/doc/20210311/161544862990.pdf,,Amazfit GTS 2 mini,,No Category,,amazfit.com,https://amazfit-support.cdn.bcebos.com/uploads/products/5fdac5133d807.png,User Guide,https://support.amazfit.com/fr/product/2018
Amazfit,,https://amazfit-support.cdn.bcebos.com/uploads/doc/20210324/161655554164.pdf,,Amazfit T-Rex Pro,,No Category,,amazfit.com,https://amazfit-support.cdn.bcebos.com/uploads/products/605ab391cc09d.png,User Guide,https://support.amazfit.com/fr/product/11
Amazfit,,https://amazfit-support.cdn.bcebos.com/uploads/doc/20210324/161655656299.pdf,,Amazfit T-Rex Pro,,No Category,,amazfit.com,https://amazfit-support.cdn.bcebos.com/uploads/products/605ab391cc09d.png,Quickstart Guide,https://support.amazfit.com/fr/product/11
Amazfit,,https://amazfit-support.cdn.bcebos.com/uploads/doc/20210203/161232351275.pdf,,Amazfit Stratos 3,,No Category,,amazfit.com,https://amazfit-support.cdn.bcebos.com/uploads/products/5dca7f31124b3.png,Quickstart Guide,https://support.amazfit.com/it/product/stratos-3
Amazfit,,https://amazfit-support.cdn.bcebos.com/uploads/doc/20210201/161216112079.pdf,,Amazfit T-Rex,,No Category,,amazfit.com,https://amazfit-support.cdn.bcebos.com/uploads/products/5e2034a4a0ab7.png,Quickstart Guide,https://support.amazfit.com/it/product/t-rex
Amazfit,,https://amazfit-support.cdn.bcebos.com/uploads/doc/20210406/161769455931.pdf,,Amazfit PowerBuds,,No Category,,amazfit.com,https://amazfit-support.cdn.bcebos.com/uploads/products/5eb3e1e90171d.png,Quickstart Guide,https://support.amazfit.com/it/product/1
Amazfit,,https://amazfit-support.cdn.bcebos.com/uploads/doc/20210203/161232310279.pdf,,Amazfit Bip S,,No Category,,amazfit.com,https://amazfit-support.cdn.bcebos.com/uploads/products/5e69e5dad3c28.png,Quickstart Guide,https://support.amazfit.com/it/product/12
Amazfit,,https://amazfit-support.cdn.bcebos.com/uploads/doc/20210203/161232363910.pdf,,Amazfit X,,No Category,,amazfit.com,https://amazfit-support.cdn.bcebos.com/uploads/products/5f3defc1b3fd0.png,Quickstart Guide,https://support.amazfit.com/it/product/a
Amazfit,,https://amazfit-support.cdn.bcebos.com/uploads/doc/20210129/161190291922.pdf,,Amazfit Neo,,No Category,,amazfit.com,https://amazfit-support.cdn.bcebos.com/uploads/products/5f62d0d289508.png,Quickstart Guide,https://support.amazfit.com/it/product/neo
Amazfit,,https://amazfit-support.cdn.bcebos.com/uploads/doc/20210204/161241043198.pdf,,Amazfit Neo,,No Category,,amazfit.com,https://amazfit-support.cdn.bcebos.com/uploads/products/5f62d0d289508.png,User Guide,https://support.amazfit.com/it/product/neo
Amazfit,,https://amazfit-support.cdn.bcebos.com/uploads/doc/20210201/161216215776.pdf,,Amazfit Band 5,,No Category,,amazfit.com,https://amazfit-support.cdn.bcebos.com/uploads/products/5f6315103f223.png,Quickstart Guide,https://support.amazfit.com/it/product/band
Amazfit,,https://amazfit-support.cdn.bcebos.com/uploads/doc/20210204/161240894347.pdf,,Amazfit Band 5,,No Category,,amazfit.com,https://amazfit-support.cdn.bcebos.com/uploads/products/5f6315103f223.png,User Guide,https://support.amazfit.com/it/product/band
Amazfit,,https://amazfit-support.cdn.bcebos.com/uploads/doc/20210201/161216378424.pdf,,Amazfit Smart Scale,,No Category,,amazfit.com,https://amazfit-support.cdn.bcebos.com/uploads/products/5fdac635c75d8.png,Quickstart Guide,https://support.amazfit.com/it/product/scale
Amazfit,,https://amazfit-support.cdn.bcebos.com/uploads/doc/20210204/161241048883.pdf,,Amazfit Smart Scale,,No Category,,amazfit.com,https://amazfit-support.cdn.bcebos.com/uploads/products/5fdac635c75d8.png,User Guide,https://support.amazfit.com/it/product/scale
Amazfit,,https://amazfit-support.cdn.bcebos.com/uploads/doc/20210201/161216022161.pdf,,Amazfit Bip U,,No Category,,amazfit.com,https://amazfit-support.cdn.bcebos.com/uploads/products/5f8806f20e4cf.png,Quickstart Guide,https://support.amazfit.com/it/product/2017
Amazfit,,https://amazfit-support.cdn.bcebos.com/uploads/doc/20210204/161240971098.pdf,,Amazfit Bip U,,No Category,,amazfit.com,https://amazfit-support.cdn.bcebos.com/uploads/products/5f8806f20e4cf.png,User Guide,https://support.amazfit.com/it/product/2017
Amazfit,,https://amazfit-support.cdn.bcebos.com/uploads/doc/20210201/161216002785.pdf,,Amazfit GTR 2,,No Category,,amazfit.com,https://amazfit-support.cdn.bcebos.com/uploads/products/5f977ec00a9b4.png,Quickstart Guide,https://support.amazfit.com/it/product/2222
Amazfit,,https://amazfit-support.cdn.bcebos.com/uploads/doc/20210204/161240821587.pdf,,Amazfit GTR 2,,No Category,,amazfit.com,https://amazfit-support.cdn.bcebos.com/uploads/products/5f977ec00a9b4.png,User Guide,https://support.amazfit.com/it/product/2222
Amazfit,,https://amazfit-support.cdn.bcebos.com/uploads/doc/20210201/161215983153.pdf,,Amazfit GTS 2,,No Category,,amazfit.com,https://amazfit-support.cdn.bcebos.com/uploads/products/5f9783f3eb35f.png,Quickstart Guide,https://support.amazfit.com/it/product/2221
Amazfit,,https://amazfit-support.cdn.bcebos.com/uploads/doc/20210204/161240830146.pdf,,Amazfit GTS 2,,No Category,,amazfit.com,https://amazfit-support.cdn.bcebos.com/uploads/products/5f9783f3eb35f.png,User Guide,https://support.amazfit.com/it/product/2221
Amazfit,,https://amazfit-support.cdn.bcebos.com/uploads/doc/20210201/161215883738.pdf,,Amazfit Bip U Pro,,No Category,,amazfit.com,https://amazfit-support.cdn.bcebos.com/uploads/products/5fc8447ec0b9d.png,Quickstart Guide,https://support.amazfit.com/it/product/bipupro
Amazfit,,https://amazfit-support.cdn.bcebos.com/uploads/doc/20210204/161240978673.pdf,,Amazfit Bip U Pro,,No Category,,amazfit.com,https://amazfit-support.cdn.bcebos.com/uploads/products/5fc8447ec0b9d.png,User Guide,https://support.amazfit.com/it/product/bipupro
Amazfit,,https://amazfit-support.cdn.bcebos.com/uploads/doc/20210129/16119022326.pdf,,Amazfit ZenBuds,,No Category,,amazfit.com,https://amazfit-support.cdn.bcebos.com/uploads/products/5f6314610b9be.png,Quickstart Guide,https://support.amazfit.com/it/product/zend
Amazfit,,https://amazfit-support.cdn.bcebos.com/uploads/doc/20210201/161215959047.pdf,,Amazfit GTR 2e,,No Category,,amazfit.com,https://amazfit-support.cdn.bcebos.com/uploads/products/5ff7cd8fc7d99.png,Quickstart Guide,https://support.amazfit.com/it/product/gtr2
Amazfit,,https://amazfit-support.cdn.bcebos.com/uploads/doc/20210225/161422117394.pdf,,Amazfit GTR 2e,,No Category,,amazfit.com,https://amazfit-support.cdn.bcebos.com/uploads/products/5ff7cd8fc7d99.png,User Guide,https://support.amazfit.com/it/product/gtr2
Amazfit,,https://amazfit-support.cdn.bcebos.com/uploads/doc/20210324/161655554912.pdf,,Amazfit T-Rex Pro,,No Category,,amazfit.com,https://amazfit-support.cdn.bcebos.com/uploads/products/605ab391cc09d.png,User Guide,https://support.amazfit.com/it/product/11
Amazfit,,https://amazfit-support.cdn.bcebos.com/uploads/doc/20210324/161655656871.pdf,,Amazfit T-Rex Pro,,No Category,,amazfit.com,https://amazfit-support.cdn.bcebos.com/uploads/products/605ab391cc09d.png,Quickstart Guide,https://support.amazfit.com/it/product/11
Amazfit,,https://amazfit-support.cdn.bcebos.com/uploads/doc/20210722/162694283383.pdf,,Amazfit PowerBuds Pro,,No Category,,amazfit.com,https://amazfit-support.cdn.bcebos.com/uploads/products/60f92cef12f34.png,User Guide,https://support.amazfit.com/it/product/powerbudspro
Amazfit,,https://amazfit-support.cdn.bcebos.com/uploads/doc/20210722/162694335489.pdf,,Amazfit PowerBuds Pro,,No Category,,amazfit.com,https://amazfit-support.cdn.bcebos.com/uploads/products/60f92cef12f34.png,Quickstart Guide,https://support.amazfit.com/it/product/powerbudspro
Amazfit,,https://amazfit-support.cdn.bcebos.com/uploads/doc/20210201/161215860369.pdf,,Amazfit GTS 2 mini,,No Category,,amazfit.com,https://amazfit-support.cdn.bcebos.com/uploads/products/5fdac5133d807.png,Quickstart Guide,https://support.amazfit.com/it/product/2018
Amazfit,,https://amazfit-support.cdn.bcebos.com/uploads/doc/20210311/161544863922.pdf,,Amazfit GTS 2 mini,,No Category,,amazfit.com,https://amazfit-support.cdn.bcebos.com/uploads/products/5fdac5133d807.png,User Guide,https://support.amazfit.com/it/product/2018
Amazfit,,https://amazfit-support.cdn.bcebos.com/uploads/doc/20210201/161215936933.pdf,,Amazfit GTS 2e,,No Category,,amazfit.com,https://amazfit-support.cdn.bcebos.com/uploads/products/5ff7cf4ebb359.png,Quickstart Guide,https://support.amazfit.com/it/product/gts2e
Amazfit,,https://amazfit-support.cdn.bcebos.com/uploads/doc/20210204/161241030489.pdf,,Amazfit GTS 2e,,No Category,,amazfit.com,https://amazfit-support.cdn.bcebos.com/uploads/products/5ff7cf4ebb359.png,User Guide,https://support.amazfit.com/it/product/gts2e
Amazfit,,https://amazfit-support.cdn.bcebos.com/uploads/doc/20210722/162694609622.pdf,,Amazfit Bip U,,No Category,,amazfit.com,https://amazfit-support.cdn.bcebos.com/uploads/products/5f8806f20e4cf.png,User Guide,https://support.amazfit.com/pl/product/2017
Amazfit,,https://amazfit-support.cdn.bcebos.com/uploads/doc/20210722/162694608372.pdf,,Amazfit GTR 2,,No Category,,amazfit.com,https://amazfit-support.cdn.bcebos.com/uploads/products/5f977ec00a9b4.png,User Guide,https://support.amazfit.com/pl/product/2222
Amazfit,,https://amazfit-support.cdn.bcebos.com/uploads/doc/20210722/162694608058.pdf,,Amazfit Bip U Pro,,No Category,,amazfit.com,https://amazfit-support.cdn.bcebos.com/uploads/products/5fc8447ec0b9d.png,User Guide,https://support.amazfit.com/pl/product/bipupro
Amazfit,,https://amazfit-support.cdn.bcebos.com/uploads/doc/20210722/162694609066.pdf,,Amazfit GTS 2,,No Category,,amazfit.com,https://amazfit-support.cdn.bcebos.com/uploads/products/5f9783f3eb35f.png,User Guide,https://support.amazfit.com/pl/product/2221
Amazfit,,https://amazfit-support.cdn.bcebos.com/uploads/doc/20210722/16269461148.pdf,,Amazfit PowerBuds Pro,,No Category,,amazfit.com,https://amazfit-support.cdn.bcebos.com/uploads/products/60f92cef12f34.png,User Guide,https://support.amazfit.com/pl/product/powerbudspro
Amazfit,,https://amazfit-support.cdn.bcebos.com/uploads/doc/20210722/162694609875.pdf,,Amazfit GTS 2e,,No Category,,amazfit.com,https://amazfit-support.cdn.bcebos.com/uploads/products/5ff7cf4ebb359.png,User Guide,https://support.amazfit.com/pl/product/gts2e
Amazfit,,https://amazfit-support.cdn.bcebos.com/uploads/doc/20210722/162694608568.pdf,,Amazfit GTR 2e,,No Category,,amazfit.com,https://amazfit-support.cdn.bcebos.com/uploads/products/5ff7cd8fc7d99.png,User Guide,https://support.amazfit.com/pl/product/gtr2
Amazfit,,https://amazfit-support.cdn.bcebos.com/uploads/doc/20210201/161216091270.pdf,,Amazfit GTS,,No Category,,amazfit.com,https://amazfit-support.cdn.bcebos.com/uploads/products/5d8c87908cf84.png,Quickstart Guide,https://support.amazfit.com/de/product/gts
Amazfit,,https://amazfit-support.cdn.bcebos.com/uploads/doc/20210722/162694608882.pdf,,Amazfit GTS 2 mini,,No Category,,amazfit.com,https://amazfit-support.cdn.bcebos.com/uploads/products/5fdac5133d807.png,User Guide,https://support.amazfit.com/pl/product/2018
Amazfit,,https://amazfit-support.cdn.bcebos.com/uploads/doc/20210722/162694609373.pdf,,Amazfit T-Rex Pro,,No Category,,amazfit.com,https://amazfit-support.cdn.bcebos.com/uploads/products/605ab391cc09d.png,User Guide,https://support.amazfit.com/pl/product/11
Amazfit,,https://amazfit-support.cdn.bcebos.com/uploads/doc/20210203/161232350863.pdf,,Amazfit Stratos 3,,No Category,,amazfit.com,https://amazfit-support.cdn.bcebos.com/uploads/products/5dca7f31124b3.png,Quickstart Guide,https://support.amazfit.com/de/product/stratos-3
Amazfit,,https://amazfit-support.cdn.bcebos.com/uploads/doc/20210201/161216111678.pdf,,Amazfit T-Rex,,No Category,,amazfit.com,https://amazfit-support.cdn.bcebos.com/uploads/products/5e2034a4a0ab7.png,Quickstart Guide,https://support.amazfit.com/de/product/t-rex
Amazfit,,https://amazfit-support.cdn.bcebos.com/uploads/doc/20210201/161215883468.pdf,,Amazfit Bip U Pro,,No Category,,amazfit.com,https://amazfit-support.cdn.bcebos.com/uploads/products/5fc8447ec0b9d.png,Quickstart Guide,https://support.amazfit.com/de/product/bipupro
Amazfit,,https://amazfit-support.cdn.bcebos.com/uploads/doc/20210204/16124097825.pdf,,Amazfit Bip U Pro,,No Category,,amazfit.com,https://amazfit-support.cdn.bcebos.com/uploads/products/5fc8447ec0b9d.png,User Guide,https://support.amazfit.com/de/product/bipupro
Amazfit,,https://amazfit-support.cdn.bcebos.com/uploads/doc/20210203/161232309827.pdf,,Amazfit Bip S,,No Category,,amazfit.com,https://amazfit-support.cdn.bcebos.com/uploads/products/5e69e5dad3c28.png,Quickstart Guide,https://support.amazfit.com/de/product/12
Amazfit,,https://amazfit-support.cdn.bcebos.com/uploads/doc/20210129/161190222886.pdf,,Amazfit ZenBuds,,No Category,,amazfit.com,https://amazfit-support.cdn.bcebos.com/uploads/products/5f6314610b9be.png,Quickstart Guide,https://support.amazfit.com/de/product/zend
Amazfit,,https://amazfit-support.cdn.bcebos.com/uploads/doc/20210201/161215958580.pdf,,Amazfit GTR 2e,,No Category,,amazfit.com,https://amazfit-support.cdn.bcebos.com/uploads/products/5ff7cd8fc7d99.png,Quickstart Guide,https://support.amazfit.com/de/product/gtr2
Amazfit,,https://amazfit-support.cdn.bcebos.com/uploads/doc/20210225/161422116828.pdf,,Amazfit GTR 2e,,No Category,,amazfit.com,https://amazfit-support.cdn.bcebos.com/uploads/products/5ff7cd8fc7d99.png,User Guide,https://support.amazfit.com/de/product/gtr2
Amazfit,,https://amazfit-support.cdn.bcebos.com/uploads/doc/20210201/161215936536.pdf,,Amazfit GTS 2e,,No Category,,amazfit.com,https://amazfit-support.cdn.bcebos.com/uploads/products/5ff7cf4ebb359.png,Quickstart Guide,https://support.amazfit.com/de/product/gts2e
Amazfit,,https://amazfit-support.cdn.bcebos.com/uploads/doc/20210204/161241029730.pdf,,Amazfit GTS 2e,,No Category,,amazfit.com,https://amazfit-support.cdn.bcebos.com/uploads/products/5ff7cf4ebb359.png,User Guide,https://support.amazfit.com/de/product/gts2e
Amazfit,,https://amazfit-support.cdn.bcebos.com/uploads/doc/20210722/162694283114.pdf,,Amazfit PowerBuds Pro,,No Category,,amazfit.com,https://amazfit-support.cdn.bcebos.com/uploads/products/60f92cef12f34.png,User Guide,https://support.amazfit.com/de/product/powerbudspro
Amazfit,,https://amazfit-support.cdn.bcebos.com/uploads/doc/20210722/162694335150.pdf,,Amazfit PowerBuds Pro,,No Category,,amazfit.com,https://amazfit-support.cdn.bcebos.com/uploads/products/60f92cef12f34.png,Quickstart Guide,https://support.amazfit.com/de/product/powerbudspro
Amazfit,,https://amazfit-support.cdn.bcebos.com/uploads/doc/20210201/161215860057.pdf,,Amazfit GTS 2 mini,,No Category,,amazfit.com,https://amazfit-support.cdn.bcebos.com/uploads/products/5fdac5133d807.png,Quickstart Guide,https://support.amazfit.com/de/product/2018
Amazfit,,https://amazfit-support.cdn.bcebos.com/uploads/doc/20210311/161544863393.pdf,,Amazfit GTS 2 mini,,No Category,,amazfit.com,https://amazfit-support.cdn.bcebos.com/uploads/products/5fdac5133d807.png,User Guide,https://support.amazfit.com/de/product/2018
Amazfit,,https://amazfit-support.cdn.bcebos.com/uploads/doc/20210324/161655554516.pdf,,Amazfit T-Rex Pro,,No Category,,amazfit.com,https://amazfit-support.cdn.bcebos.com/uploads/products/605ab391cc09d.png,User Guide,https://support.amazfit.com/de/product/11
Amazfit,,https://amazfit-support.cdn.bcebos.com/uploads/doc/20210324/161655656520.pdf,,Amazfit T-Rex Pro,,No Category,,amazfit.com,https://amazfit-support.cdn.bcebos.com/uploads/products/605ab391cc09d.png,Quickstart Guide,https://support.amazfit.com/de/product/11
Amazfit,,https://amazfit-support.cdn.bcebos.com/uploads/doc/20210802/16278720987.pdf,,Amazfit GTS 2,,No Category,,amazfit.com,https://amazfit-support.cdn.bcebos.com/uploads/products/5f9783f3eb35f.png,User Guide,https://support.amazfit.com/cz/product/2221
Amazfit,,https://amazfit-support.cdn.bcebos.com/uploads/doc/20210802/162787207318.pdf,,Amazfit GTR 2,,No Category,,amazfit.com,https://amazfit-support.cdn.bcebos.com/uploads/products/5f977ec00a9b4.png,User Guide,https://support.amazfit.com/cz/product/2222
Amazfit,,https://amazfit-support.cdn.bcebos.com/uploads/doc/20210802/162787222686.pdf,,Amazfit Bip U,,No Category,,amazfit.com,https://amazfit-support.cdn.bcebos.com/uploads/products/5f8806f20e4cf.png,User Guide,https://support.amazfit.com/cz/product/2017
Amazfit,,https://amazfit-support.cdn.bcebos.com/uploads/doc/20210802/162787204014.pdf,,Amazfit Bip U Pro,,No Category,,amazfit.com,https://amazfit-support.cdn.bcebos.com/uploads/products/5fc8447ec0b9d.png,User Guide,https://support.amazfit.com/cz/product/bipupro
Amazfit,,https://amazfit-support.cdn.bcebos.com/uploads/doc/20210722/162694282522.pdf,,Amazfit PowerBuds Pro,,No Category,,amazfit.com,https://amazfit-support.cdn.bcebos.com/uploads/products/60f92cef12f34.png,User Guide,https://support.amazfit.com/cz/product/powerbudspro
Amazfit,,https://amazfit-support.cdn.bcebos.com/uploads/doc/20210722/162694334377.pdf,,Amazfit PowerBuds Pro,,No Category,,amazfit.com,https://amazfit-support.cdn.bcebos.com/uploads/products/60f92cef12f34.png,Quickstart Guide,https://support.amazfit.com/cz/product/powerbudspro
Amazfit,,https://amazfit-support.cdn.bcebos.com/uploads/doc/20210802/162787207657.pdf,,Amazfit GTR 2e,,No Category,,amazfit.com,https://amazfit-support.cdn.bcebos.com/uploads/products/5ff7cd8fc7d99.png,User Guide,https://support.amazfit.com/cz/product/gtr2
Amazfit,,https://amazfit-support.cdn.bcebos.com/uploads/doc/20210802/162787210173.pdf,,Amazfit GTS 2e,,No Category,,amazfit.com,https://amazfit-support.cdn.bcebos.com/uploads/products/5ff7cf4ebb359.png,User Guide,https://support.amazfit.com/cz/product/gts2e
Amazfit,,https://amazfit-support.cdn.bcebos.com/uploads/doc/20210802/162787217530.pdf,,Amazfit T-Rex Pro,,No Category,,amazfit.com,https://amazfit-support.cdn.bcebos.com/uploads/products/605ab391cc09d.png,User Guide,https://support.amazfit.com/cz/product/11
Amazfit,,https://amazfit-support.cdn.bcebos.com/uploads/doc/20210802/162787208125.pdf,,Amazfit GTS 2 mini,,No Category,,amazfit.com,https://amazfit-support.cdn.bcebos.com/uploads/products/5fdac5133d807.png,User Guide,https://support.amazfit.com/cz/product/2018
